t,VRef,Ec,Vs,IFD,VT,VUEL,VOEL,EFD
0,1,1,0,0,1,-5,5,1
0.005,1,1,0,0,1,-5,5,1
0.01,1,1,0,0,1,-5,5,1
0.015,1,1,0,0,1,-5,5,1
0.02,1,1,0,0,1,-5,5,1
0.025,1,1,0,0,1,-5,5,1
0.03,1,1,0,0,1,-5,5,1
0.035,1,1,0,0,1,-5,5,1
0.04,1,1,0,0,1,-5,5,1
0.045,1,1,0,0,1,-5,5,1
0.05,1,1,0,0,1,-5,5,1
0.055,1,1,0,0,1,-5,5,1
0.06,1,1,0,0,1,-5,5,1
0.065,1,1,0,0,1,-5,5,1
0.07,1,1,0,0,1,-5,5,1
0.075,1,1,0,0,1,-5,5,1
0.08,1,1,0,0,1,-5,5,1
0.085,1,1,0,0,1,-5,5,1
0.09,1,1,0,0,1,-5,5,1
0.095,1,1,0,0,1,-5,5,1
0.1,1,1,0,0,1,-5,5,1
0.105,1,1,0,0,1,-5,5,1
0.11,1,1,0,0,1,-5,5,1
0.115,1,1,0,0,1,-5,5,1
0.12,1,1,0,0,1,-5,5,1
0.125,1,1,0,0,1,-5,5,1
0.13,1,1,0,0,1,-5,5,1
0.135,1,1,0,0,1,-5,5,1
0.14,1,1,0,0,1,-5,5,1
0.145,1,1,0,0,1,-5,5,1
0.15,1,1,0,0,1,-5,5,1
0.155,1,1,0,0,1,-5,5,1
0.16,1,1,0,0,1,-5,5,1
0.165,1,1,0,0,1,-5,5,1
0.17,1,1,0,0,1,-5,5,1
0.175,1,1,0,0,1,-5,5,1
0.18,1,1,0,0,1,-5,5,1
0.185,1,1,0,0,1,-5,5,1
0.19,1,1,0,0,1,-5,5,1
0.195,1,1,0,0,1,-5,5,1
0.2,1,1,0,0,1,-5,5,1
0.205,1,1,0,0,1,-5,5,1
0.21,1,1,0,0,1,-5,5,1
0.215,1,1,0,0,1,-5,5,1
0.22,1,1,0,0,1,-5,5,1
0.225,1,1,0,0,1,-5,5,1
0.23,1,1,0,0,1,-5,5,1
0.235,1,1,0,0,1,-5,5,1
0.24,1,1,0,0,1,-5,5,1
0.245,1,1,0,0,1,-5,5,1
0.25,1,1,0,0,1,-5,5,1
0.255,1,1,0,0,1,-5,5,1
0.26,1,1,0,0,1,-5,5,1
0.265,1,1,0,0,1,-5,5,1
0.27,1,1,0,0,1,-5,5,1
0.275,1,1,0,0,1,-5,5,1
0.28,1,1,0,0,1,-5,5,1
0.285,1,1,0,0,1,-5,5,1
0.29,1,1,0,0,1,-5,5,1
0.295,1,1,0,0,1,-5,5,1
0.3,1,1,0,0,1,-5,5,1
0.305,1,1,0,0,1,-5,5,1
0.31,1,1,0,0,1,-5,5,1
0.315,1,1,0,0,1,-5,5,1
0.32,1,1,0,0,1,-5,5,1
0.325,1,1,0,0,1,-5,5,1
0.33,1,1,0,0,1,-5,5,1
0.335,1,1,0,0,1,-5,5,1
0.34,1,1,0,0,1,-5,5,1
0.345,1,1,0,0,1,-5,5,1
0.35,1,1,0,0,1,-5,5,1
0.355,1,1,0,0,1,-5,5,1
0.36,1,1,0,0,1,-5,5,1
0.365,1,1,0,0,1,-5,5,1
0.37,1,1,0,0,1,-5,5,1
0.375,1,1,0,0,1,-5,5,1
0.38,1,1,0,0,1,-5,5,1
0.385,1,1,0,0,1,-5,5,1
0.39,1,1,0,0,1,-5,5,1
0.395,1,1,0,0,1,-5,5,1
0.4,1,1,0,0,1,-5,5,1
0.405,1,1,0,0,1,-5,5,1
0.41,1,1,0,0,1,-5,5,1
0.415,1,1,0,0,1,-5,5,1
0.42,1,1,0,0,1,-5,5,1
0.425,1,1,0,0,1,-5,5,1
0.43,1,1,0,0,1,-5,5,1
0.435,1,1,0,0,1,-5,5,1
0.44,1,1,0,0,1,-5,5,1
0.445,1,1,0,0,1,-5,5,1
0.45,1,1,0,0,1,-5,5,1
0.455,1,1,0,0,1,-5,5,1
0.46,1,1,0,0,1,-5,5,1
0.465,1,1,0,0,1,-5,5,1
0.47,1,1,0,0,1,-5,5,1
0.475,1,1,0,0,1,-5,5,1
0.48,1,1,0,0,1,-5,5,1
0.485,1,1,0,0,1,-5,5,1
0.49,1,1,0,0,1,-5,5,1
0.495,1,1,0,0,1,-5,5,1
0.5,1,1,0,0,1,-5,5,1
0.505,1,1,0,0,1,-5,5,1
0.51,1,1,0,0,1,-5,5,1
0.515,1,1,0,0,1,-5,5,1
0.52,1,1,0,0,1,-5,5,1
0.525,1,1,0,0,1,-5,5,1
0.53,1,1,0,0,1,-5,5,1
0.535,1,1,0,0,1,-5,5,1
0.54,1,1,0,0,1,-5,5,1
0.545,1,1,0,0,1,-5,5,1
0.55,1,1,0,0,1,-5,5,1
0.555,1,1,0,0,1,-5,5,1
0.56,1,1,0,0,1,-5,5,1
0.565,1,1,0,0,1,-5,5,1
0.57,1,1,0,0,1,-5,5,1
0.575,1,1,0,0,1,-5,5,1
0.58,1,1,0,0,1,-5,5,1
0.585,1,1,0,0,1,-5,5,1
0.59,1,1,0,0,1,-5,5,1
0.595,1,1,0,0,1,-5,5,1
0.6,1,1,0,0,1,-5,5,1
0.605,1,1,0,0,1,-5,5,1
0.61,1,1,0,0,1,-5,5,1
0.615,1,1,0,0,1,-5,5,1
0.62,1,1,0,0,1,-5,5,1
0.625,1,1,0,0,1,-5,5,1
0.63,1,1,0,0,1,-5,5,1
0.635,1,1,0,0,1,-5,5,1
0.64,1,1,0,0,1,-5,5,1
0.645,1,1,0,0,1,-5,5,1
0.65,1,1,0,0,1,-5,5,1
0.655,1,1,0,0,1,-5,5,1
0.66,1,1,0,0,1,-5,5,1
0.665,1,1,0,0,1,-5,5,1
0.67,1,1,0,0,1,-5,5,1
0.675,1,1,0,0,1,-5,5,1
0.68,1,1,0,0,1,-5,5,1
0.685,1,1,0,0,1,-5,5,1
0.69,1,1,0,0,1,-5,5,1
0.695,1,1,0,0,1,-5,5,1
0.7,1,1,0,0,1,-5,5,1
0.705,1,1,0,0,1,-5,5,1
0.71,1,1,0,0,1,-5,5,1
0.715,1,1,0,0,1,-5,5,1
0.72,1,1,0,0,1,-5,5,1
0.725,1,1,0,0,1,-5,5,1
0.73,1,1,0,0,1,-5,5,1
0.735,1,1,0,0,1,-5,5,1
0.74,1,1,0,0,1,-5,5,1
0.745,1,1,0,0,1,-5,5,1
0.75,1,1,0,0,1,-5,5,1
0.755,1,1,0,0,1,-5,5,1
0.76,1,1,0,0,1,-5,5,1
0.765,1,1,0,0,1,-5,5,1
0.77,1,1,0,0,1,-5,5,1
0.775,1,1,0,0,1,-5,5,1
0.78,1,1,0,0,1,-5,5,1
0.785,1,1,0,0,1,-5,5,1
0.79,1,1,0,0,1,-5,5,1
0.795,1,1,0,0,1,-5,5,1
0.8,1,1,0,0,1,-5,5,1
0.805,1,1,0,0,1,-5,5,1
0.81,1,1,0,0,1,-5,5,1
0.815,1,1,0,0,1,-5,5,1
0.82,1,1,0,0,1,-5,5,1
0.825,1,1,0,0,1,-5,5,1
0.83,1,1,0,0,1,-5,5,1
0.835,1,1,0,0,1,-5,5,1
0.84,1,1,0,0,1,-5,5,1
0.845,1,1,0,0,1,-5,5,1
0.85,1,1,0,0,1,-5,5,1
0.855,1,1,0,0,1,-5,5,1
0.86,1,1,0,0,1,-5,5,1
0.865,1,1,0,0,1,-5,5,1
0.87,1,1,0,0,1,-5,5,1
0.875,1,1,0,0,1,-5,5,1
0.88,1,1,0,0,1,-5,5,1
0.885,1,1,0,0,1,-5,5,1
0.89,1,1,0,0,1,-5,5,1
0.895,1,1,0,0,1,-5,5,1
0.9,1,1,0,0,1,-5,5,1
0.905,1,1,0,0,1,-5,5,1
0.91,1,1,0,0,1,-5,5,1
0.915,1,1,0,0,1,-5,5,1
0.92,1,1,0,0,1,-5,5,1
0.925,1,1,0,0,1,-5,5,1
0.93,1,1,0,0,1,-5,5,1
0.935,1,1,0,0,1,-5,5,1
0.94,1,1,0,0,1,-5,5,1
0.945,1,1,0,0,1,-5,5,1
0.95,1,1,0,0,1,-5,5,1
0.955,1,1,0,0,1,-5,5,1
0.96,1,1,0,0,1,-5,5,1
0.965,1,1,0,0,1,-5,5,1
0.97,1,1,0,0,1,-5,5,1
0.975,1,1,0,0,1,-5,5,1
0.98,1,1,0,0,1,-5,5,1
0.985,1,1,0,0,1,-5,5,1
0.99,1,1,0,0,1,-5,5,1
0.995,1,1,0,0,1,-5,5,1
1,1,1,0,0,1,-5,5,1
1.005,1,1,0,0,1,-5,5,1
1.01,1,1,0,0,1,-5,5,1
1.015,1,1,0,0,1,-5,5,1
1.02,1,1,0,0,1,-5,5,1
1.025,1,1,0,0,1,-5,5,1
1.03,1,1,0,0,1,-5,5,1
1.035,1,1,0,0,1,-5,5,1
1.04,1,1,0,0,1,-5,5,1
1.045,1,1,0,0,1,-5,5,1
1.05,1,1,0,0,1,-5,5,1
1.055,1,1,0,0,1,-5,5,1
1.06,1,1,0,0,1,-5,5,1
1.065,1,1,0,0,1,-5,5,1
1.07,1,1,0,0,1,-5,5,1
1.075,1,1,0,0,1,-5,5,1
1.08,1,1,0,0,1,-5,5,1
1.085,1,1,0,0,1,-5,5,1
1.09,1,1,0,0,1,-5,5,1
1.095,1,1,0,0,1,-5,5,1
1.1,1,1,0,0,1,-5,5,1
1.105,1,1,0,0,1,-5,5,1
1.11,1,1,0,0,1,-5,5,1
1.115,1,1,0,0,1,-5,5,1
1.12,1,1,0,0,1,-5,5,1
1.125,1,1,0,0,1,-5,5,1
1.13,1,1,0,0,1,-5,5,1
1.135,1,1,0,0,1,-5,5,1
1.14,1,1,0,0,1,-5,5,1
1.145,1,1,0,0,1,-5,5,1
1.15,1,1,0,0,1,-5,5,1
1.155,1,1,0,0,1,-5,5,1
1.16,1,1,0,0,1,-5,5,1
1.165,1,1,0,0,1,-5,5,1
1.17,1,1,0,0,1,-5,5,1
1.175,1,1,0,0,1,-5,5,1
1.18,1,1,0,0,1,-5,5,1
1.185,1,1,0,0,1,-5,5,1
1.19,1,1,0,0,1,-5,5,1
1.195,1,1,0,0,1,-5,5,1
1.2,1,1,0,0,1,-5,5,1
1.205,1,1,0,0,1,-5,5,1
1.21,1,1,0,0,1,-5,5,1
1.215,1,1,0,0,1,-5,5,1
1.22,1,1,0,0,1,-5,5,1
1.225,1,1,0,0,1,-5,5,1
1.23,1,1,0,0,1,-5,5,1
1.235,1,1,0,0,1,-5,5,1
1.24,1,1,0,0,1,-5,5,1
1.245,1,1,0,0,1,-5,5,1
1.25,1,1,0,0,1,-5,5,1
1.255,1,1,0,0,1,-5,5,1
1.26,1,1,0,0,1,-5,5,1
1.265,1,1,0,0,1,-5,5,1
1.27,1,1,0,0,1,-5,5,1
1.275,1,1,0,0,1,-5,5,1
1.28,1,1,0,0,1,-5,5,1
1.285,1,1,0,0,1,-5,5,1
1.29,1,1,0,0,1,-5,5,1
1.295,1,1,0,0,1,-5,5,1
1.3,1,1,0,0,1,-5,5,1
1.305,1,1,0,0,1,-5,5,1
1.31,1,1,0,0,1,-5,5,1
1.315,1,1,0,0,1,-5,5,1
1.32,1,1,0,0,1,-5,5,1
1.325,1,1,0,0,1,-5,5,1
1.33,1,1,0,0,1,-5,5,1
1.335,1,1,0,0,1,-5,5,1
1.34,1,1,0,0,1,-5,5,1
1.345,1,1,0,0,1,-5,5,1
1.35,1,1,0,0,1,-5,5,1
1.355,1,1,0,0,1,-5,5,1
1.36,1,1,0,0,1,-5,5,1
1.365,1,1,0,0,1,-5,5,1
1.37,1,1,0,0,1,-5,5,1
1.375,1,1,0,0,1,-5,5,1
1.38,1,1,0,0,1,-5,5,1
1.385,1,1,0,0,1,-5,5,1
1.39,1,1,0,0,1,-5,5,1
1.395,1,1,0,0,1,-5,5,1
1.4,1,1,0,0,1,-5,5,1
1.405,1,1,0,0,1,-5,5,1
1.41,1,1,0,0,1,-5,5,1
1.415,1,1,0,0,1,-5,5,1
1.42,1,1,0,0,1,-5,5,1
1.425,1,1,0,0,1,-5,5,1
1.43,1,1,0,0,1,-5,5,1
1.435,1,1,0,0,1,-5,5,1
1.44,1,1,0,0,1,-5,5,1
1.445,1,1,0,0,1,-5,5,1
1.45,1,1,0,0,1,-5,5,1
1.455,1,1,0,0,1,-5,5,1
1.46,1,1,0,0,1,-5,5,1
1.465,1,1,0,0,1,-5,5,1
1.47,1,1,0,0,1,-5,5,1
1.475,1,1,0,0,1,-5,5,1
1.48,1,1,0,0,1,-5,5,1
1.485,1,1,0,0,1,-5,5,1
1.49,1,1,0,0,1,-5,5,1
1.495,1,1,0,0,1,-5,5,1
1.5,1,1,0,0,1,-5,5,1
1.505,1,1,0,0,1,-5,5,1
1.51,1,1,0,0,1,-5,5,1
1.515,1,1,0,0,1,-5,5,1
1.52,1,1,0,0,1,-5,5,1
1.525,1,1,0,0,1,-5,5,1
1.53,1,1,0,0,1,-5,5,1
1.535,1,1,0,0,1,-5,5,1
1.54,1,1,0,0,1,-5,5,1
1.545,1,1,0,0,1,-5,5,1
1.55,1,1,0,0,1,-5,5,1
1.555,1,1,0,0,1,-5,5,1
1.56,1,1,0,0,1,-5,5,1
1.565,1,1,0,0,1,-5,5,1
1.57,1,1,0,0,1,-5,5,1
1.575,1,1,0,0,1,-5,5,1
1.58,1,1,0,0,1,-5,5,1
1.585,1,1,0,0,1,-5,5,1
1.59,1,1,0,0,1,-5,5,1
1.595,1,1,0,0,1,-5,5,1
1.6,1,1,0,0,1,-5,5,1
1.605,1,1,0,0,1,-5,5,1
1.61,1,1,0,0,1,-5,5,1
1.615,1,1,0,0,1,-5,5,1
1.62,1,1,0,0,1,-5,5,1
1.625,1,1,0,0,1,-5,5,1
1.63,1,1,0,0,1,-5,5,1
1.635,1,1,0,0,1,-5,5,1
1.64,1,1,0,0,1,-5,5,1
1.645,1,1,0,0,1,-5,5,1
1.65,1,1,0,0,1,-5,5,1
1.655,1,1,0,0,1,-5,5,1
1.66,1,1,0,0,1,-5,5,1
1.665,1,1,0,0,1,-5,5,1
1.67,1,1,0,0,1,-5,5,1
1.675,1,1,0,0,1,-5,5,1
1.68,1,1,0,0,1,-5,5,1
1.685,1,1,0,0,1,-5,5,1
1.69,1,1,0,0,1,-5,5,1
1.695,1,1,0,0,1,-5,5,1
1.7,1,1,0,0,1,-5,5,1
1.705,1,1,0,0,1,-5,5,1
1.71,1,1,0,0,1,-5,5,1
1.715,1,1,0,0,1,-5,5,1
1.72,1,1,0,0,1,-5,5,1
1.725,1,1,0,0,1,-5,5,1
1.73,1,1,0,0,1,-5,5,1
1.735,1,1,0,0,1,-5,5,1
1.74,1,1,0,0,1,-5,5,1
1.745,1,1,0,0,1,-5,5,1
1.75,1,1,0,0,1,-5,5,1
1.755,1,1,0,0,1,-5,5,1
1.76,1,1,0,0,1,-5,5,1
1.765,1,1,0,0,1,-5,5,1
1.77,1,1,0,0,1,-5,5,1
1.775,1,1,0,0,1,-5,5,1
1.78,1,1,0,0,1,-5,5,1
1.785,1,1,0,0,1,-5,5,1
1.79,1,1,0,0,1,-5,5,1
1.795,1,1,0,0,1,-5,5,1
1.8,1,1,0,0,1,-5,5,1
1.805,1,1,0,0,1,-5,5,1
1.81,1,1,0,0,1,-5,5,1
1.815,1,1,0,0,1,-5,5,1
1.82,1,1,0,0,1,-5,5,1
1.825,1,1,0,0,1,-5,5,1
1.83,1,1,0,0,1,-5,5,1
1.835,1,1,0,0,1,-5,5,1
1.84,1,1,0,0,1,-5,5,1
1.845,1,1,0,0,1,-5,5,1
1.85,1,1,0,0,1,-5,5,1
1.855,1,1,0,0,1,-5,5,1
1.86,1,1,0,0,1,-5,5,1
1.865,1,1,0,0,1,-5,5,1
1.87,1,1,0,0,1,-5,5,1
1.875,1,1,0,0,1,-5,5,1
1.88,1,1,0,0,1,-5,5,1
1.885,1,1,0,0,1,-5,5,1
1.89,1,1,0,0,1,-5,5,1
1.895,1,1,0,0,1,-5,5,1
1.9,1,1,0,0,1,-5,5,1
1.905,1,1,0,0,1,-5,5,1
1.91,1,1,0,0,1,-5,5,1
1.915,1,1,0,0,1,-5,5,1
1.92,1,1,0,0,1,-5,5,1
1.925,1,1,0,0,1,-5,5,1
1.93,1,1,0,0,1,-5,5,1
1.935,1,1,0,0,1,-5,5,1
1.94,1,1,0,0,1,-5,5,1
1.945,1,1,0,0,1,-5,5,1
1.95,1,1,0,0,1,-5,5,1
1.955,1,1,0,0,1,-5,5,1
1.96,1,1,0,0,1,-5,5,1
1.965,1,1,0,0,1,-5,5,1
1.97,1,1,0,0,1,-5,5,1
1.975,1,1,0,0,1,-5,5,1
1.98,1,1,0,0,1,-5,5,1
1.985,1,1,0,0,1,-5,5,1
1.99,1,1,0,0,1,-5,5,1
1.995,1,1,0,0,1,-5,5,1
2,1,1,0,0,1,-5,5,1
2.005,1,0.5,0,0,0.5,-5,5,1.23863
2.01,1,0.5,0,0,0.5,-5,5,1.69424
2.015,1,0.5,0,0,0.5,-5,5,2.10859
2.02,1,0.5,0,0,0.5,-5,5,2.48563
2.025,1,0.5,0,0,0.5,-5,5,2.82889
2.03,1,0.5,0,0,0.5,-5,5,3.1416
2.035,1,0.5,0,0,0.5,-5,5,3.42667
2.04,1,0.5,0,0,0.5,-5,5,3.68672
2.045,1,0.5,0,0,0.5,-5,5,3.92414
2.05,1,0.5,0,0,0.5,-5,5,4.14108
2.055,1,0.5,0,0,0.5,-5,5,4.3395
2.06,1,0.5,0,0,0.5,-5,5,4.52115
2.065,1,0.5,0,0,0.5,-5,5,4.68763
2.07,1,0.5,0,0,0.5,-5,5,4.84038
2.075,1,0.5,0,0,0.5,-5,5,4.98072
2.08,1,0.5,0,0,0.5,-5,5,5
2.085,1,0.5,0,0,0.5,-5,5,5
2.09,1,0.5,0,0,0.5,-5,5,5
2.095,1,0.5,0,0,0.5,-5,5,5
2.1,1,0.5,0,0,0.5,-5,5,5
2.105,1,0.5,0,0,0.5,-5,5,5
2.11,1,0.5,0,0,0.5,-5,5,5
2.115,1,0.5,0,0,0.5,-5,5,5
2.12,1,0.5,0,0,0.5,-5,5,5
2.125,1,0.5,0,0,0.5,-5,5,5
2.13,1,0.5,0,0,0.5,-5,5,5
2.135,1,0.5,0,0,0.5,-5,5,5
2.14,1,0.5,0,0,0.5,-5,5,5
2.145,1,0.5,0,0,0.5,-5,5,5
2.15,1,0.5,0,0,0.5,-5,5,5
2.155,1,1,0,0,1,-5,5,4.92041
2.16,1,1,0,0,1,-5,5,4.61081
2.165,1,1,0,0,1,-5,5,4.33067
2.17,1,1,0,0,1,-5,5,4.07717
2.175,1,1,0,0,1,-5,5,3.84779
2.18,1,1,0,0,1,-5,5,3.64022
2.185,1,1,0,0,1,-5,5,3.45238
2.19,1,1,0,0,1,-5,5,3.2824
2.195,1,1,0,0,1,-5,5,3.12858
2.2,1,1,0,0,1,-5,5,2.98938
2.205,1,1,0,0,1,-5,5,2.8634
2.21,1,1,0,0,1,-5,5,2.74939
2.215,1,1,0,0,1,-5,5,2.64621
2.22,1,1,0,0,1,-5,5,2.55282
2.225,1,1,0,0,1,-5,5,2.46829
2.23,1,1,0,0,1,-5,5,2.39178
2.235,1,1,0,0,1,-5,5,2.32253
2.24,1,1,0,0,1,-5,5,2.25984
2.245,1,1,0,0,1,-5,5,2.20309
2.25,1,1,0,0,1,-5,5,2.15171
2.255,1,1,0,0,1,-5,5,2.1052
2.26,1,1,0,0,1,-5,5,2.06308
2.265,1,1,0,0,1,-5,5,2.02494
2.27,1,1,0,0,1,-5,5,1.99041
2.275,1,1,0,0,1,-5,5,1.95913
2.28,1,1,0,0,1,-5,5,1.93079
2.285,1,1,0,0,1,-5,5,1.90513
2.29,1,1,0,0,1,-5,5,1.88188
2.295,1,1,0,0,1,-5,5,1.86081
2.3,1,1,0,0,1,-5,5,1.84171
2.305,1,1,0,0,1,-5,5,1.82441
2.31,1,1,0,0,1,-5,5,1.80872
2.315,1,1,0,0,1,-5,5,1.79449
2.32,1,1,0,0,1,-5,5,1.78158
2.325,1,1,0,0,1,-5,5,1.76988
2.33,1,1,0,0,1,-5,5,1.75926
2.335,1,1,0,0,1,-5,5,1.74961
2.34,1,1,0,0,1,-5,5,1.74086
2.345,1,1,0,0,1,-5,5,1.73291
2.35,1,1,0,0,1,-5,5,1.72568
2.355,1,1,0,0,1,-5,5,1.71911
2.36,1,1,0,0,1,-5,5,1.71313
2.365,1,1,0,0,1,-5,5,1.7077
2.37,1,1,0,0,1,-5,5,1.70275
2.375,1,1,0,0,1,-5,5,1.69823
2.38,1,1,0,0,1,-5,5,1.69412
2.385,1,1,0,0,1,-5,5,1.69037
2.39,1,1,0,0,1,-5,5,1.68695
2.395,1,1,0,0,1,-5,5,1.68381
2.4,1,1,0,0,1,-5,5,1.68095
2.405,1,1,0,0,1,-5,5,1.67833
2.41,1,1,0,0,1,-5,5,1.67593
2.415,1,1,0,0,1,-5,5,1.67372
2.42,1,1,0,0,1,-5,5,1.67169
2.425,1,1,0,0,1,-5,5,1.66983
2.43,1,1,0,0,1,-5,5,1.66811
2.435,1,1,0,0,1,-5,5,1.66653
2.44,1,1,0,0,1,-5,5,1.66506
2.445,1,1,0,0,1,-5,5,1.6637
2.45,1,1,0,0,1,-5,5,1.66244
2.455,1,1,0,0,1,-5,5,1.66128
2.46,1,1,0,0,1,-5,5,1.66019
2.465,1,1,0,0,1,-5,5,1.65917
2.47,1,1,0,0,1,-5,5,1.65822
2.475,1,1,0,0,1,-5,5,1.65733
2.48,1,1,0,0,1,-5,5,1.65649
2.485,1,1,0,0,1,-5,5,1.6557
2.49,1,1,0,0,1,-5,5,1.65496
2.495,1,1,0,0,1,-5,5,1.65425
2.5,1,1,0,0,1,-5,5,1.65359
2.505,1,1,0,0,1,-5,5,1.65295
2.51,1,1,0,0,1,-5,5,1.65235
2.515,1,1,0,0,1,-5,5,1.65177
2.52,1,1,0,0,1,-5,5,1.65121
2.525,1,1,0,0,1,-5,5,1.65068
2.53,1,1,0,0,1,-5,5,1.65017
2.535,1,1,0,0,1,-5,5,1.64968
2.54,1,1,0,0,1,-5,5,1.6492
2.545,1,1,0,0,1,-5,5,1.64874
2.55,1,1,0,0,1,-5,5,1.64829
2.555,1,1,0,0,1,-5,5,1.64785
2.56,1,1,0,0,1,-5,5,1.64742
2.565,1,1,0,0,1,-5,5,1.64701
2.57,1,1,0,0,1,-5,5,1.6466
2.575,1,1,0,0,1,-5,5,1.6462
2.58,1,1,0,0,1,-5,5,1.64581
2.585,1,1,0,0,1,-5,5,1.64542
2.59,1,1,0,0,1,-5,5,1.64504
2.595,1,1,0,0,1,-5,5,1.64467
2.6,1,1,0,0,1,-5,5,1.6443
2.605,1,1,0,0,1,-5,5,1.64394
2.61,1,1,0,0,1,-5,5,1.64358
2.615,1,1,0,0,1,-5,5,1.64322
2.62,1,1,0,0,1,-5,5,1.64287
2.625,1,1,0,0,1,-5,5,1.64252
2.63,1,1,0,0,1,-5,5,1.64217
2.635,1,1,0,0,1,-5,5,1.64183
2.64,1,1,0,0,1,-5,5,1.64149
2.645,1,1,0,0,1,-5,5,1.64115
2.65,1,1,0,0,1,-5,5,1.64081
2.655,1,1,0,0,1,-5,5,1.64048
2.66,1,1,0,0,1,-5,5,1.64014
2.665,1,1,0,0,1,-5,5,1.63981
2.67,1,1,0,0,1,-5,5,1.63948
2.675,1,1,0,0,1,-5,5,1.63915
2.68,1,1,0,0,1,-5,5,1.63882
2.685,1,1,0,0,1,-5,5,1.63849
2.69,1,1,0,0,1,-5,5,1.63817
2.695,1,1,0,0,1,-5,5,1.63784
2.7,1,1,0,0,1,-5,5,1.63752
2.705,1,1,0,0,1,-5,5,1.63719
2.71,1,1,0,0,1,-5,5,1.63687
2.715,1,1,0,0,1,-5,5,1.63654
2.72,1,1,0,0,1,-5,5,1.63622
2.725,1,1,0,0,1,-5,5,1.6359
2.73,1,1,0,0,1,-5,5,1.63558
2.735,1,1,0,0,1,-5,5,1.63526
2.74,1,1,0,0,1,-5,5,1.63494
2.745,1,1,0,0,1,-5,5,1.63462
2.75,1,1,0,0,1,-5,5,1.6343
2.755,1,1,0,0,1,-5,5,1.63398
2.76,1,1,0,0,1,-5,5,1.63366
2.765,1,1,0,0,1,-5,5,1.63334
2.77,1,1,0,0,1,-5,5,1.63302
2.775,1,1,0,0,1,-5,5,1.63271
2.78,1,1,0,0,1,-5,5,1.63239
2.785,1,1,0,0,1,-5,5,1.63207
2.79,1,1,0,0,1,-5,5,1.63175
2.795,1,1,0,0,1,-5,5,1.63144
2.8,1,1,0,0,1,-5,5,1.63112
2.805,1,1,0,0,1,-5,5,1.6308
2.81,1,1,0,0,1,-5,5,1.63049
2.815,1,1,0,0,1,-5,5,1.63017
2.82,1,1,0,0,1,-5,5,1.62986
2.825,1,1,0,0,1,-5,5,1.62954
2.83,1,1,0,0,1,-5,5,1.62923
2.835,1,1,0,0,1,-5,5,1.62891
2.84,1,1,0,0,1,-5,5,1.6286
2.845,1,1,0,0,1,-5,5,1.62828
2.85,1,1,0,0,1,-5,5,1.62797
2.855,1,1,0,0,1,-5,5,1.62765
2.86,1,1,0,0,1,-5,5,1.62734
2.865,1,1,0,0,1,-5,5,1.62703
2.87,1,1,0,0,1,-5,5,1.62671
2.875,1,1,0,0,1,-5,5,1.6264
2.88,1,1,0,0,1,-5,5,1.62609
2.885,1,1,0,0,1,-5,5,1.62577
2.89,1,1,0,0,1,-5,5,1.62546
2.895,1,1,0,0,1,-5,5,1.62515
2.9,1,1,0,0,1,-5,5,1.62483
2.905,1,1,0,0,1,-5,5,1.62452
2.91,1,1,0,0,1,-5,5,1.62421
2.915,1,1,0,0,1,-5,5,1.6239
2.92,1,1,0,0,1,-5,5,1.62359
2.925,1,1,0,0,1,-5,5,1.62327
2.93,1,1,0,0,1,-5,5,1.62296
2.935,1,1,0,0,1,-5,5,1.62265
2.94,1,1,0,0,1,-5,5,1.62234
2.945,1,1,0,0,1,-5,5,1.62203
2.95,1,1,0,0,1,-5,5,1.62172
2.955,1,1,0,0,1,-5,5,1.62141
2.96,1,1,0,0,1,-5,5,1.6211
2.965,1,1,0,0,1,-5,5,1.62079
2.97,1,1,0,0,1,-5,5,1.62047
2.975,1,1,0,0,1,-5,5,1.62016
2.98,1,1,0,0,1,-5,5,1.61985
2.985,1,1,0,0,1,-5,5,1.61954
2.99,1,1,0,0,1,-5,5,1.61924
2.995,1,1,0,0,1,-5,5,1.61893
3,1,1,0,0,1,-5,5,1.61862
3.005,1,1,0,0,1,-5,5,1.61831
3.01,1,1,0,0,1,-5,5,1.618
3.015,1,1,0,0,1,-5,5,1.61769
3.02,1,1,0,0,1,-5,5,1.61738
3.025,1,1,0,0,1,-5,5,1.61707
3.03,1,1,0,0,1,-5,5,1.61676
3.035,1,1,0,0,1,-5,5,1.61645
3.04,1,1,0,0,1,-5,5,1.61615
3.045,1,1,0,0,1,-5,5,1.61584
3.05,1,1,0,0,1,-5,5,1.61553
3.055,1,1,0,0,1,-5,5,1.61522
3.06,1,1,0,0,1,-5,5,1.61492
3.065,1,1,0,0,1,-5,5,1.61461
3.07,1,1,0,0,1,-5,5,1.6143
3.075,1,1,0,0,1,-5,5,1.61399
3.08,1,1,0,0,1,-5,5,1.61369
3.085,1,1,0,0,1,-5,5,1.61338
3.09,1,1,0,0,1,-5,5,1.61307
3.095,1,1,0,0,1,-5,5,1.61277
3.1,1,1,0,0,1,-5,5,1.61246
3.105,1,1,0,0,1,-5,5,1.61215
3.11,1,1,0,0,1,-5,5,1.61185
3.115,1,1,0,0,1,-5,5,1.61154
3.12,1,1,0,0,1,-5,5,1.61124
3.125,1,1,0,0,1,-5,5,1.61093
3.13,1,1,0,0,1,-5,5,1.61063
3.135,1,1,0,0,1,-5,5,1.61032
3.14,1,1,0,0,1,-5,5,1.61002
3.145,1,1,0,0,1,-5,5,1.60971
3.15,1,1,0,0,1,-5,5,1.60941
3.155,1,1,0,0,1,-5,5,1.6091
3.16,1,1,0,0,1,-5,5,1.6088
3.165,1,1,0,0,1,-5,5,1.60849
3.17,1,1,0,0,1,-5,5,1.60819
3.175,1,1,0,0,1,-5,5,1.60788
3.18,1,1,0,0,1,-5,5,1.60758
3.185,1,1,0,0,1,-5,5,1.60728
3.19,1,1,0,0,1,-5,5,1.60697
3.195,1,1,0,0,1,-5,5,1.60667
3.2,1,1,0,0,1,-5,5,1.60637
3.205,1,1,0,0,1,-5,5,1.60606
3.21,1,1,0,0,1,-5,5,1.60576
3.215,1,1,0,0,1,-5,5,1.60546
3.22,1,1,0,0,1,-5,5,1.60516
3.225,1,1,0,0,1,-5,5,1.60485
3.23,1,1,0,0,1,-5,5,1.60455
3.235,1,1,0,0,1,-5,5,1.60425
3.24,1,1,0,0,1,-5,5,1.60395
3.245,1,1,0,0,1,-5,5,1.60364
3.25,1,1,0,0,1,-5,5,1.60334
3.255,1,1,0,0,1,-5,5,1.60304
3.26,1,1,0,0,1,-5,5,1.60274
3.265,1,1,0,0,1,-5,5,1.60244
3.27,1,1,0,0,1,-5,5,1.60214
3.275,1,1,0,0,1,-5,5,1.60184
3.28,1,1,0,0,1,-5,5,1.60153
3.285,1,1,0,0,1,-5,5,1.60123
3.29,1,1,0,0,1,-5,5,1.60093
3.295,1,1,0,0,1,-5,5,1.60063
3.3,1,1,0,0,1,-5,5,1.60033
3.305,1,1,0,0,1,-5,5,1.60003
3.31,1,1,0,0,1,-5,5,1.59973
3.315,1,1,0,0,1,-5,5,1.59943
3.32,1,1,0,0,1,-5,5,1.59913
3.325,1,1,0,0,1,-5,5,1.59883
3.33,1,1,0,0,1,-5,5,1.59853
3.335,1,1,0,0,1,-5,5,1.59824
3.34,1,1,0,0,1,-5,5,1.59794
3.345,1,1,0,0,1,-5,5,1.59764
3.35,1,1,0,0,1,-5,5,1.59734
3.355,1,1,0,0,1,-5,5,1.59704
3.36,1,1,0,0,1,-5,5,1.59674
3.365,1,1,0,0,1,-5,5,1.59644
3.37,1,1,0,0,1,-5,5,1.59615
3.375,1,1,0,0,1,-5,5,1.59585
3.38,1,1,0,0,1,-5,5,1.59555
3.385,1,1,0,0,1,-5,5,1.59525
3.39,1,1,0,0,1,-5,5,1.59495
3.395,1,1,0,0,1,-5,5,1.59466
3.4,1,1,0,0,1,-5,5,1.59436
3.405,1,1,0,0,1,-5,5,1.59406
3.41,1,1,0,0,1,-5,5,1.59377
3.415,1,1,0,0,1,-5,5,1.59347
3.42,1,1,0,0,1,-5,5,1.59317
3.425,1,1,0,0,1,-5,5,1.59288
3.43,1,1,0,0,1,-5,5,1.59258
3.435,1,1,0,0,1,-5,5,1.59228
3.44,1,1,0,0,1,-5,5,1.59199
3.445,1,1,0,0,1,-5,5,1.59169
3.45,1,1,0,0,1,-5,5,1.5914
3.455,1,1,0,0,1,-5,5,1.5911
3.46,1,1,0,0,1,-5,5,1.5908
3.465,1,1,0,0,1,-5,5,1.59051
3.47,1,1,0,0,1,-5,5,1.59021
3.475,1,1,0,0,1,-5,5,1.58992
3.48,1,1,0,0,1,-5,5,1.58962
3.485,1,1,0,0,1,-5,5,1.58933
3.49,1,1,0,0,1,-5,5,1.58903
3.495,1,1,0,0,1,-5,5,1.58874
3.5,1,1,0,0,1,-5,5,1.58845
3.505,1,1,0,0,1,-5,5,1.58815
3.51,1,1,0,0,1,-5,5,1.58786
3.515,1,1,0,0,1,-5,5,1.58756
3.52,1,1,0,0,1,-5,5,1.58727
3.525,1,1,0,0,1,-5,5,1.58698
3.53,1,1,0,0,1,-5,5,1.58668
3.535,1,1,0,0,1,-5,5,1.58639
3.54,1,1,0,0,1,-5,5,1.5861
3.545,1,1,0,0,1,-5,5,1.5858
3.55,1,1,0,0,1,-5,5,1.58551
3.555,1,1,0,0,1,-5,5,1.58522
3.56,1,1,0,0,1,-5,5,1.58493
3.565,1,1,0,0,1,-5,5,1.58463
3.57,1,1,0,0,1,-5,5,1.58434
3.575,1,1,0,0,1,-5,5,1.58405
3.58,1,1,0,0,1,-5,5,1.58376
3.585,1,1,0,0,1,-5,5,1.58347
3.59,1,1,0,0,1,-5,5,1.58317
3.595,1,1,0,0,1,-5,5,1.58288
3.6,1,1,0,0,1,-5,5,1.58259
3.605,1,1,0,0,1,-5,5,1.5823
3.61,1,1,0,0,1,-5,5,1.58201
3.615,1,1,0,0,1,-5,5,1.58172
3.62,1,1,0,0,1,-5,5,1.58143
3.625,1,1,0,0,1,-5,5,1.58114
3.63,1,1,0,0,1,-5,5,1.58085
3.635,1,1,0,0,1,-5,5,1.58056
3.64,1,1,0,0,1,-5,5,1.58026
3.645,1,1,0,0,1,-5,5,1.57997
3.65,1,1,0,0,1,-5,5,1.57968
3.655,1,1,0,0,1,-5,5,1.5794
3.66,1,1,0,0,1,-5,5,1.57911
3.665,1,1,0,0,1,-5,5,1.57882
3.67,1,1,0,0,1,-5,5,1.57853
3.675,1,1,0,0,1,-5,5,1.57824
3.68,1,1,0,0,1,-5,5,1.57795
3.685,1,1,0,0,1,-5,5,1.57766
3.69,1,1,0,0,1,-5,5,1.57737
3.695,1,1,0,0,1,-5,5,1.57708
3.7,1,1,0,0,1,-5,5,1.57679
3.705,1,1,0,0,1,-5,5,1.57651
3.71,1,1,0,0,1,-5,5,1.57622
3.715,1,1,0,0,1,-5,5,1.57593
3.72,1,1,0,0,1,-5,5,1.57564
3.725,1,1,0,0,1,-5,5,1.57535
3.73,1,1,0,0,1,-5,5,1.57507
3.735,1,1,0,0,1,-5,5,1.57478
3.74,1,1,0,0,1,-5,5,1.57449
3.745,1,1,0,0,1,-5,5,1.5742
3.75,1,1,0,0,1,-5,5,1.57392
3.755,1,1,0,0,1,-5,5,1.57363
3.76,1,1,0,0,1,-5,5,1.57334
3.765,1,1,0,0,1,-5,5,1.57306
3.77,1,1,0,0,1,-5,5,1.57277
3.775,1,1,0,0,1,-5,5,1.57248
3.78,1,1,0,0,1,-5,5,1.5722
3.785,1,1,0,0,1,-5,5,1.57191
3.79,1,1,0,0,1,-5,5,1.57163
3.795,1,1,0,0,1,-5,5,1.57134
3.8,1,1,0,0,1,-5,5,1.57105
3.805,1,1,0,0,1,-5,5,1.57077
3.81,1,1,0,0,1,-5,5,1.57048
3.815,1,1,0,0,1,-5,5,1.5702
3.82,1,1,0,0,1,-5,5,1.56991
3.825,1,1,0,0,1,-5,5,1.56963
3.83,1,1,0,0,1,-5,5,1.56934
3.835,1,1,0,0,1,-5,5,1.56906
3.84,1,1,0,0,1,-5,5,1.56877
3.845,1,1,0,0,1,-5,5,1.56849
3.85,1,1,0,0,1,-5,5,1.56821
3.855,1,1,0,0,1,-5,5,1.56792
3.86,1,1,0,0,1,-5,5,1.56764
3.865,1,1,0,0,1,-5,5,1.56735
3.87,1,1,0,0,1,-5,5,1.56707
3.875,1,1,0,0,1,-5,5,1.56679
3.88,1,1,0,0,1,-5,5,1.5665
3.885,1,1,0,0,1,-5,5,1.56622
3.89,1,1,0,0,1,-5,5,1.56594
3.895,1,1,0,0,1,-5,5,1.56566
3.9,1,1,0,0,1,-5,5,1.56537
3.905,1,1,0,0,1,-5,5,1.56509
3.91,1,1,0,0,1,-5,5,1.56481
3.915,1,1,0,0,1,-5,5,1.56452
3.92,1,1,0,0,1,-5,5,1.56424
3.925,1,1,0,0,1,-5,5,1.56396
3.93,1,1,0,0,1,-5,5,1.56368
3.935,1,1,0,0,1,-5,5,1.5634
3.94,1,1,0,0,1,-5,5,1.56312
3.945,1,1,0,0,1,-5,5,1.56283
3.95,1,1,0,0,1,-5,5,1.56255
3.955,1,1,0,0,1,-5,5,1.56227
3.96,1,1,0,0,1,-5,5,1.56199
3.965,1,1,0,0,1,-5,5,1.56171
3.97,1,1,0,0,1,-5,5,1.56143
3.975,1,1,0,0,1,-5,5,1.56115
3.98,1,1,0,0,1,-5,5,1.56087
3.985,1,1,0,0,1,-5,5,1.56059
3.99,1,1,0,0,1,-5,5,1.56031
3.995,1,1,0,0,1,-5,5,1.56003
4,1,1,0,0,1,-5,5,1.55975
4.005,1,1,0,0,1,-5,5,1.55947
4.01,1,1,0,0,1,-5,5,1.55919
4.015,1,1,0,0,1,-5,5,1.55891
4.02,1,1,0,0,1,-5,5,1.55863
4.025,1,1,0,0,1,-5,5,1.55835
4.03,1,1,0,0,1,-5,5,1.55807
4.035,1,1,0,0,1,-5,5,1.55779
4.04,1,1,0,0,1,-5,5,1.55751
4.045,1,1,0,0,1,-5,5,1.55723
4.05,1,1,0,0,1,-5,5,1.55696
4.055,1,1,0,0,1,-5,5,1.55668
4.06,1,1,0,0,1,-5,5,1.5564
4.065,1,1,0,0,1,-5,5,1.55612
4.07,1,1,0,0,1,-5,5,1.55584
4.075,1,1,0,0,1,-5,5,1.55556
4.08,1,1,0,0,1,-5,5,1.55529
4.085,1,1,0,0,1,-5,5,1.55501
4.09,1,1,0,0,1,-5,5,1.55473
4.095,1,1,0,0,1,-5,5,1.55445
4.1,1,1,0,0,1,-5,5,1.55418
4.105,1,1,0,0,1,-5,5,1.5539
4.11,1,1,0,0,1,-5,5,1.55362
4.115,1,1,0,0,1,-5,5,1.55335
4.12,1,1,0,0,1,-5,5,1.55307
4.125,1,1,0,0,1,-5,5,1.55279
4.13,1,1,0,0,1,-5,5,1.55252
4.135,1,1,0,0,1,-5,5,1.55224
4.14,1,1,0,0,1,-5,5,1.55197
4.145,1,1,0,0,1,-5,5,1.55169
4.15,1,1,0,0,1,-5,5,1.55141
4.155,1,1,0,0,1,-5,5,1.55114
4.16,1,1,0,0,1,-5,5,1.55086
4.165,1,1,0,0,1,-5,5,1.55059
4.17,1,1,0,0,1,-5,5,1.55031
4.175,1,1,0,0,1,-5,5,1.55004
4.18,1,1,0,0,1,-5,5,1.54976
4.185,1,1,0,0,1,-5,5,1.54949
4.19,1,1,0,0,1,-5,5,1.54921
4.195,1,1,0,0,1,-5,5,1.54894
4.2,1,1,0,0,1,-5,5,1.54866
4.205,1,1,0,0,1,-5,5,1.54839
4.21,1,1,0,0,1,-5,5,1.54811
4.215,1,1,0,0,1,-5,5,1.54784
4.22,1,1,0,0,1,-5,5,1.54757
4.225,1,1,0,0,1,-5,5,1.54729
4.23,1,1,0,0,1,-5,5,1.54702
4.235,1,1,0,0,1,-5,5,1.54675
4.24,1,1,0,0,1,-5,5,1.54647
4.245,1,1,0,0,1,-5,5,1.5462
4.25,1,1,0,0,1,-5,5,1.54593
4.255,1,1,0,0,1,-5,5,1.54565
4.26,1,1,0,0,1,-5,5,1.54538
4.265,1,1,0,0,1,-5,5,1.54511
4.27,1,1,0,0,1,-5,5,1.54484
4.275,1,1,0,0,1,-5,5,1.54456
4.28,1,1,0,0,1,-5,5,1.54429
4.285,1,1,0,0,1,-5,5,1.54402
4.29,1,1,0,0,1,-5,5,1.54375
4.295,1,1,0,0,1,-5,5,1.54348
4.3,1,1,0,0,1,-5,5,1.5432
4.305,1,1,0,0,1,-5,5,1.54293
4.31,1,1,0,0,1,-5,5,1.54266
4.315,1,1,0,0,1,-5,5,1.54239
4.32,1,1,0,0,1,-5,5,1.54212
4.325,1,1,0,0,1,-5,5,1.54185
4.33,1,1,0,0,1,-5,5,1.54158
4.335,1,1,0,0,1,-5,5,1.54131
4.34,1,1,0,0,1,-5,5,1.54104
4.345,1,1,0,0,1,-5,5,1.54076
4.35,1,1,0,0,1,-5,5,1.54049
4.355,1,1,0,0,1,-5,5,1.54022
4.36,1,1,0,0,1,-5,5,1.53995
4.365,1,1,0,0,1,-5,5,1.53968
4.37,1,1,0,0,1,-5,5,1.53941
4.375,1,1,0,0,1,-5,5,1.53915
4.38,1,1,0,0,1,-5,5,1.53888
4.385,1,1,0,0,1,-5,5,1.53861
4.39,1,1,0,0,1,-5,5,1.53834
4.395,1,1,0,0,1,-5,5,1.53807
4.4,1,1,0,0,1,-5,5,1.5378
4.405,1,1,0,0,1,-5,5,1.53753
4.41,1,1,0,0,1,-5,5,1.53726
4.415,1,1,0,0,1,-5,5,1.53699
4.42,1,1,0,0,1,-5,5,1.53672
4.425,1,1,0,0,1,-5,5,1.53646
4.43,1,1,0,0,1,-5,5,1.53619
4.435,1,1,0,0,1,-5,5,1.53592
4.44,1,1,0,0,1,-5,5,1.53565
4.445,1,1,0,0,1,-5,5,1.53538
4.45,1,1,0,0,1,-5,5,1.53512
4.455,1,1,0,0,1,-5,5,1.53485
4.46,1,1,0,0,1,-5,5,1.53458
4.465,1,1,0,0,1,-5,5,1.53431
4.47,1,1,0,0,1,-5,5,1.53405
4.475,1,1,0,0,1,-5,5,1.53378
4.48,1,1,0,0,1,-5,5,1.53351
4.485,1,1,0,0,1,-5,5,1.53325
4.49,1,1,0,0,1,-5,5,1.53298
4.495,1,1,0,0,1,-5,5,1.53271
4.5,1,1,0,0,1,-5,5,1.53245
4.505,1,1,0,0,1,-5,5,1.53218
4.51,1,1,0,0,1,-5,5,1.53192
4.515,1,1,0,0,1,-5,5,1.53165
4.52,1,1,0,0,1,-5,5,1.53138
4.525,1,1,0,0,1,-5,5,1.53112
4.53,1,1,0,0,1,-5,5,1.53085
4.535,1,1,0,0,1,-5,5,1.53059
4.54,1,1,0,0,1,-5,5,1.53032
4.545,1,1,0,0,1,-5,5,1.53006
4.55,1,1,0,0,1,-5,5,1.52979
4.555,1,1,0,0,1,-5,5,1.52953
4.56,1,1,0,0,1,-5,5,1.52926
4.565,1,1,0,0,1,-5,5,1.529
4.57,1,1,0,0,1,-5,5,1.52873
4.575,1,1,0,0,1,-5,5,1.52847
4.58,1,1,0,0,1,-5,5,1.52821
4.585,1,1,0,0,1,-5,5,1.52794
4.59,1,1,0,0,1,-5,5,1.52768
4.595,1,1,0,0,1,-5,5,1.52741
4.6,1,1,0,0,1,-5,5,1.52715
4.605,1,1,0,0,1,-5,5,1.52689
4.61,1,1,0,0,1,-5,5,1.52662
4.615,1,1,0,0,1,-5,5,1.52636
4.62,1,1,0,0,1,-5,5,1.5261
4.625,1,1,0,0,1,-5,5,1.52583
4.63,1,1,0,0,1,-5,5,1.52557
4.635,1,1,0,0,1,-5,5,1.52531
4.64,1,1,0,0,1,-5,5,1.52505
4.645,1,1,0,0,1,-5,5,1.52478
4.65,1,1,0,0,1,-5,5,1.52452
4.655,1,1,0,0,1,-5,5,1.52426
4.66,1,1,0,0,1,-5,5,1.524
4.665,1,1,0,0,1,-5,5,1.52373
4.67,1,1,0,0,1,-5,5,1.52347
4.675,1,1,0,0,1,-5,5,1.52321
4.68,1,1,0,0,1,-5,5,1.52295
4.685,1,1,0,0,1,-5,5,1.52269
4.69,1,1,0,0,1,-5,5,1.52243
4.695,1,1,0,0,1,-5,5,1.52217
4.7,1,1,0,0,1,-5,5,1.5219
4.705,1,1,0,0,1,-5,5,1.52164
4.71,1,1,0,0,1,-5,5,1.52138
4.715,1,1,0,0,1,-5,5,1.52112
4.72,1,1,0,0,1,-5,5,1.52086
4.725,1,1,0,0,1,-5,5,1.5206
4.73,1,1,0,0,1,-5,5,1.52034
4.735,1,1,0,0,1,-5,5,1.52008
4.74,1,1,0,0,1,-5,5,1.51982
4.745,1,1,0,0,1,-5,5,1.51956
4.75,1,1,0,0,1,-5,5,1.5193
4.755,1,1,0,0,1,-5,5,1.51904
4.76,1,1,0,0,1,-5,5,1.51878
4.765,1,1,0,0,1,-5,5,1.51852
4.77,1,1,0,0,1,-5,5,1.51826
4.775,1,1,0,0,1,-5,5,1.518
4.78,1,1,0,0,1,-5,5,1.51775
4.785,1,1,0,0,1,-5,5,1.51749
4.79,1,1,0,0,1,-5,5,1.51723
4.795,1,1,0,0,1,-5,5,1.51697
4.8,1,1,0,0,1,-5,5,1.51671
4.805,1,1,0,0,1,-5,5,1.51645
4.81,1,1,0,0,1,-5,5,1.5162
4.815,1,1,0,0,1,-5,5,1.51594
4.82,1,1,0,0,1,-5,5,1.51568
4.825,1,1,0,0,1,-5,5,1.51542
4.83,1,1,0,0,1,-5,5,1.51516
4.835,1,1,0,0,1,-5,5,1.51491
4.84,1,1,0,0,1,-5,5,1.51465
4.845,1,1,0,0,1,-5,5,1.51439
4.85,1,1,0,0,1,-5,5,1.51413
4.855,1,1,0,0,1,-5,5,1.51388
4.86,1,1,0,0,1,-5,5,1.51362
4.865,1,1,0,0,1,-5,5,1.51336
4.87,1,1,0,0,1,-5,5,1.51311
4.875,1,1,0,0,1,-5,5,1.51285
4.88,1,1,0,0,1,-5,5,1.51259
4.885,1,1,0,0,1,-5,5,1.51234
4.89,1,1,0,0,1,-5,5,1.51208
4.895,1,1,0,0,1,-5,5,1.51183
4.9,1,1,0,0,1,-5,5,1.51157
4.905,1,1,0,0,1,-5,5,1.51131
4.91,1,1,0,0,1,-5,5,1.51106
4.915,1,1,0,0,1,-5,5,1.5108
4.92,1,1,0,0,1,-5,5,1.51055
4.925,1,1,0,0,1,-5,5,1.51029
4.93,1,1,0,0,1,-5,5,1.51004
4.935,1,1,0,0,1,-5,5,1.50978
4.94,1,1,0,0,1,-5,5,1.50953
4.945,1,1,0,0,1,-5,5,1.50927
4.95,1,1,0,0,1,-5,5,1.50902
4.955,1,1,0,0,1,-5,5,1.50876
4.96,1,1,0,0,1,-5,5,1.50851
4.965,1,1,0,0,1,-5,5,1.50826
4.97,1,1,0,0,1,-5,5,1.508
4.975,1,1,0,0,1,-5,5,1.50775
4.98,1,1,0,0,1,-5,5,1.50749
4.985,1,1,0,0,1,-5,5,1.50724
4.99,1,1,0,0,1,-5,5,1.50699
4.995,1,1,0,0,1,-5,5,1.50673
5,1,1,0,0,1,-5,5,1.50648
5.005,1,1,0,0,1,-5,5,1.50623
5.01,1,1,0,0,1,-5,5,1.50597
5.015,1,1,0,0,1,-5,5,1.50572
5.02,1,1,0,0,1,-5,5,1.50547
5.025,1,1,0,0,1,-5,5,1.50522
5.03,1,1,0,0,1,-5,5,1.50496
5.035,1,1,0,0,1,-5,5,1.50471
5.04,1,1,0,0,1,-5,5,1.50446
5.045,1,1,0,0,1,-5,5,1.50421
5.05,1,1,0,0,1,-5,5,1.50395
5.055,1,1,0,0,1,-5,5,1.5037
5.06,1,1,0,0,1,-5,5,1.50345
5.065,1,1,0,0,1,-5,5,1.5032
5.07,1,1,0,0,1,-5,5,1.50295
5.075,1,1,0,0,1,-5,5,1.5027
5.08,1,1,0,0,1,-5,5,1.50244
5.085,1,1,0,0,1,-5,5,1.50219
5.09,1,1,0,0,1,-5,5,1.50194
5.095,1,1,0,0,1,-5,5,1.50169
5.1,1,1,0,0,1,-5,5,1.50144
5.105,1,1,0,0,1,-5,5,1.50119
5.11,1,1,0,0,1,-5,5,1.50094
5.115,1,1,0,0,1,-5,5,1.50069
5.12,1,1,0,0,1,-5,5,1.50044
5.125,1,1,0,0,1,-5,5,1.50019
5.13,1,1,0,0,1,-5,5,1.49994
5.135,1,1,0,0,1,-5,5,1.49969
5.14,1,1,0,0,1,-5,5,1.49944
5.145,1,1,0,0,1,-5,5,1.49919
5.15,1,1,0,0,1,-5,5,1.49894
5.155,1,1,0,0,1,-5,5,1.49869
5.16,1,1,0,0,1,-5,5,1.49844
5.165,1,1,0,0,1,-5,5,1.49819
5.17,1,1,0,0,1,-5,5,1.49794
5.175,1,1,0,0,1,-5,5,1.49769
5.18,1,1,0,0,1,-5,5,1.49744
5.185,1,1,0,0,1,-5,5,1.4972
5.19,1,1,0,0,1,-5,5,1.49695
5.195,1,1,0,0,1,-5,5,1.4967
5.2,1,1,0,0,1,-5,5,1.49645
5.205,1,1,0,0,1,-5,5,1.4962
5.21,1,1,0,0,1,-5,5,1.49595
5.215,1,1,0,0,1,-5,5,1.49571
5.22,1,1,0,0,1,-5,5,1.49546
5.225,1,1,0,0,1,-5,5,1.49521
5.23,1,1,0,0,1,-5,5,1.49496
5.235,1,1,0,0,1,-5,5,1.49472
5.24,1,1,0,0,1,-5,5,1.49447
5.245,1,1,0,0,1,-5,5,1.49422
5.25,1,1,0,0,1,-5,5,1.49397
5.255,1,1,0,0,1,-5,5,1.49373
5.26,1,1,0,0,1,-5,5,1.49348
5.265,1,1,0,0,1,-5,5,1.49323
5.27,1,1,0,0,1,-5,5,1.49299
5.275,1,1,0,0,1,-5,5,1.49274
5.28,1,1,0,0,1,-5,5,1.4925
5.285,1,1,0,0,1,-5,5,1.49225
5.29,1,1,0,0,1,-5,5,1.492
5.295,1,1,0,0,1,-5,5,1.49176
5.3,1,1,0,0,1,-5,5,1.49151
5.305,1,1,0,0,1,-5,5,1.49127
5.31,1,1,0,0,1,-5,5,1.49102
5.315,1,1,0,0,1,-5,5,1.49077
5.32,1,1,0,0,1,-5,5,1.49053
5.325,1,1,0,0,1,-5,5,1.49028
5.33,1,1,0,0,1,-5,5,1.49004
5.335,1,1,0,0,1,-5,5,1.48979
5.34,1,1,0,0,1,-5,5,1.48955
5.345,1,1,0,0,1,-5,5,1.4893
5.35,1,1,0,0,1,-5,5,1.48906
5.355,1,1,0,0,1,-5,5,1.48882
5.36,1,1,0,0,1,-5,5,1.48857
5.365,1,1,0,0,1,-5,5,1.48833
5.37,1,1,0,0,1,-5,5,1.48808
5.375,1,1,0,0,1,-5,5,1.48784
5.38,1,1,0,0,1,-5,5,1.48759
5.385,1,1,0,0,1,-5,5,1.48735
5.39,1,1,0,0,1,-5,5,1.48711
5.395,1,1,0,0,1,-5,5,1.48686
5.4,1,1,0,0,1,-5,5,1.48662
5.405,1,1,0,0,1,-5,5,1.48638
5.41,1,1,0,0,1,-5,5,1.48613
5.415,1,1,0,0,1,-5,5,1.48589
5.42,1,1,0,0,1,-5,5,1.48565
5.425,1,1,0,0,1,-5,5,1.48541
5.43,1,1,0,0,1,-5,5,1.48516
5.435,1,1,0,0,1,-5,5,1.48492
5.44,1,1,0,0,1,-5,5,1.48468
5.445,1,1,0,0,1,-5,5,1.48444
5.45,1,1,0,0,1,-5,5,1.48419
5.455,1,1,0,0,1,-5,5,1.48395
5.46,1,1,0,0,1,-5,5,1.48371
5.465,1,1,0,0,1,-5,5,1.48347
5.47,1,1,0,0,1,-5,5,1.48323
5.475,1,1,0,0,1,-5,5,1.48298
5.48,1,1,0,0,1,-5,5,1.48274
5.485,1,1,0,0,1,-5,5,1.4825
5.49,1,1,0,0,1,-5,5,1.48226
5.495,1,1,0,0,1,-5,5,1.48202
5.5,1,1,0,0,1,-5,5,1.48178
5.505,1,1,0,0,1,-5,5,1.48154
5.51,1,1,0,0,1,-5,5,1.4813
5.515,1,1,0,0,1,-5,5,1.48106
5.52,1,1,0,0,1,-5,5,1.48082
5.525,1,1,0,0,1,-5,5,1.48058
5.53,1,1,0,0,1,-5,5,1.48034
5.535,1,1,0,0,1,-5,5,1.4801
5.54,1,1,0,0,1,-5,5,1.47986
5.545,1,1,0,0,1,-5,5,1.47962
5.55,1,1,0,0,1,-5,5,1.47938
5.555,1,1,0,0,1,-5,5,1.47914
5.56,1,1,0,0,1,-5,5,1.4789
5.565,1,1,0,0,1,-5,5,1.47866
5.57,1,1,0,0,1,-5,5,1.47842
5.575,1,1,0,0,1,-5,5,1.47818
5.58,1,1,0,0,1,-5,5,1.47794
5.585,1,1,0,0,1,-5,5,1.4777
5.59,1,1,0,0,1,-5,5,1.47746
5.595,1,1,0,0,1,-5,5,1.47722
5.6,1,1,0,0,1,-5,5,1.47698
5.605,1,1,0,0,1,-5,5,1.47675
5.61,1,1,0,0,1,-5,5,1.47651
5.615,1,1,0,0,1,-5,5,1.47627
5.62,1,1,0,0,1,-5,5,1.47603
5.625,1,1,0,0,1,-5,5,1.47579
5.63,1,1,0,0,1,-5,5,1.47556
5.635,1,1,0,0,1,-5,5,1.47532
5.64,1,1,0,0,1,-5,5,1.47508
5.645,1,1,0,0,1,-5,5,1.47484
5.65,1,1,0,0,1,-5,5,1.47461
5.655,1,1,0,0,1,-5,5,1.47437
5.66,1,1,0,0,1,-5,5,1.47413
5.665,1,1,0,0,1,-5,5,1.47389
5.67,1,1,0,0,1,-5,5,1.47366
5.675,1,1,0,0,1,-5,5,1.47342
5.68,1,1,0,0,1,-5,5,1.47318
5.685,1,1,0,0,1,-5,5,1.47295
5.69,1,1,0,0,1,-5,5,1.47271
5.695,1,1,0,0,1,-5,5,1.47247
5.7,1,1,0,0,1,-5,5,1.47224
5.705,1,1,0,0,1,-5,5,1.472
5.71,1,1,0,0,1,-5,5,1.47177
5.715,1,1,0,0,1,-5,5,1.47153
5.72,1,1,0,0,1,-5,5,1.4713
5.725,1,1,0,0,1,-5,5,1.47106
5.73,1,1,0,0,1,-5,5,1.47082
5.735,1,1,0,0,1,-5,5,1.47059
5.74,1,1,0,0,1,-5,5,1.47035
5.745,1,1,0,0,1,-5,5,1.47012
5.75,1,1,0,0,1,-5,5,1.46988
5.755,1,1,0,0,1,-5,5,1.46965
5.76,1,1,0,0,1,-5,5,1.46941
5.765,1,1,0,0,1,-5,5,1.46918
5.77,1,1,0,0,1,-5,5,1.46894
5.775,1,1,0,0,1,-5,5,1.46871
5.78,1,1,0,0,1,-5,5,1.46848
5.785,1,1,0,0,1,-5,5,1.46824
5.79,1,1,0,0,1,-5,5,1.46801
5.795,1,1,0,0,1,-5,5,1.46777
5.8,1,1,0,0,1,-5,5,1.46754
5.805,1,1,0,0,1,-5,5,1.46731
5.81,1,1,0,0,1,-5,5,1.46707
5.815,1,1,0,0,1,-5,5,1.46684
5.82,1,1,0,0,1,-5,5,1.46661
5.825,1,1,0,0,1,-5,5,1.46637
5.83,1,1,0,0,1,-5,5,1.46614
5.835,1,1,0,0,1,-5,5,1.46591
5.84,1,1,0,0,1,-5,5,1.46567
5.845,1,1,0,0,1,-5,5,1.46544
5.85,1,1,0,0,1,-5,5,1.46521
5.855,1,1,0,0,1,-5,5,1.46498
5.86,1,1,0,0,1,-5,5,1.46474
5.865,1,1,0,0,1,-5,5,1.46451
5.87,1,1,0,0,1,-5,5,1.46428
5.875,1,1,0,0,1,-5,5,1.46405
5.88,1,1,0,0,1,-5,5,1.46381
5.885,1,1,0,0,1,-5,5,1.46358
5.89,1,1,0,0,1,-5,5,1.46335
5.895,1,1,0,0,1,-5,5,1.46312
5.9,1,1,0,0,1,-5,5,1.46289
5.905,1,1,0,0,1,-5,5,1.46266
5.91,1,1,0,0,1,-5,5,1.46243
5.915,1,1,0,0,1,-5,5,1.46219
5.92,1,1,0,0,1,-5,5,1.46196
5.925,1,1,0,0,1,-5,5,1.46173
5.93,1,1,0,0,1,-5,5,1.4615
5.935,1,1,0,0,1,-5,5,1.46127
5.94,1,1,0,0,1,-5,5,1.46104
5.945,1,1,0,0,1,-5,5,1.46081
5.95,1,1,0,0,1,-5,5,1.46058
5.955,1,1,0,0,1,-5,5,1.46035
5.96,1,1,0,0,1,-5,5,1.46012
5.965,1,1,0,0,1,-5,5,1.45989
5.97,1,1,0,0,1,-5,5,1.45966
5.975,1,1,0,0,1,-5,5,1.45943
5.98,1,1,0,0,1,-5,5,1.4592
5.985,1,1,0,0,1,-5,5,1.45897
5.99,1,1,0,0,1,-5,5,1.45874
5.995,1,1,0,0,1,-5,5,1.45851
6,1,1,0,0,1,-5,5,1.45828
6.005,1,1,0,0,1,-5,5,1.45805
6.01,1,1,0,0,1,-5,5,1.45782
6.015,1,1,0,0,1,-5,5,1.4576
6.02,1,1,0,0,1,-5,5,1.45737
6.025,1,1,0,0,1,-5,5,1.45714
6.03,1,1,0,0,1,-5,5,1.45691
6.035,1,1,0,0,1,-5,5,1.45668
6.04,1,1,0,0,1,-5,5,1.45645
6.045,1,1,0,0,1,-5,5,1.45622
6.05,1,1,0,0,1,-5,5,1.456
6.055,1,1,0,0,1,-5,5,1.45577
6.06,1,1,0,0,1,-5,5,1.45554
6.065,1,1,0,0,1,-5,5,1.45531
6.07,1,1,0,0,1,-5,5,1.45509
6.075,1,1,0,0,1,-5,5,1.45486
6.08,1,1,0,0,1,-5,5,1.45463
6.085,1,1,0,0,1,-5,5,1.4544
6.09,1,1,0,0,1,-5,5,1.45418
6.095,1,1,0,0,1,-5,5,1.45395
6.1,1,1,0,0,1,-5,5,1.45372
6.105,1,1,0,0,1,-5,5,1.4535
6.11,1,1,0,0,1,-5,5,1.45327
6.115,1,1,0,0,1,-5,5,1.45304
6.12,1,1,0,0,1,-5,5,1.45282
6.125,1,1,0,0,1,-5,5,1.45259
6.13,1,1,0,0,1,-5,5,1.45236
6.135,1,1,0,0,1,-5,5,1.45214
6.14,1,1,0,0,1,-5,5,1.45191
6.145,1,1,0,0,1,-5,5,1.45168
6.15,1,1,0,0,1,-5,5,1.45146
6.155,1,1,0,0,1,-5,5,1.45123
6.16,1,1,0,0,1,-5,5,1.45101
6.165,1,1,0,0,1,-5,5,1.45078
6.17,1,1,0,0,1,-5,5,1.45056
6.175,1,1,0,0,1,-5,5,1.45033
6.18,1,1,0,0,1,-5,5,1.45011
6.185,1,1,0,0,1,-5,5,1.44988
6.19,1,1,0,0,1,-5,5,1.44966
6.195,1,1,0,0,1,-5,5,1.44943
6.2,1,1,0,0,1,-5,5,1.44921
6.205,1,1,0,0,1,-5,5,1.44898
6.21,1,1,0,0,1,-5,5,1.44876
6.215,1,1,0,0,1,-5,5,1.44853
6.22,1,1,0,0,1,-5,5,1.44831
6.225,1,1,0,0,1,-5,5,1.44809
6.23,1,1,0,0,1,-5,5,1.44786
6.235,1,1,0,0,1,-5,5,1.44764
6.24,1,1,0,0,1,-5,5,1.44741
6.245,1,1,0,0,1,-5,5,1.44719
6.25,1,1,0,0,1,-5,5,1.44697
6.255,1,1,0,0,1,-5,5,1.44674
6.26,1,1,0,0,1,-5,5,1.44652
6.265,1,1,0,0,1,-5,5,1.4463
6.27,1,1,0,0,1,-5,5,1.44607
6.275,1,1,0,0,1,-5,5,1.44585
6.28,1,1,0,0,1,-5,5,1.44563
6.285,1,1,0,0,1,-5,5,1.44541
6.29,1,1,0,0,1,-5,5,1.44518
6.295,1,1,0,0,1,-5,5,1.44496
6.3,1,1,0,0,1,-5,5,1.44474
6.305,1,1,0,0,1,-5,5,1.44452
6.31,1,1,0,0,1,-5,5,1.44429
6.315,1,1,0,0,1,-5,5,1.44407
6.32,1,1,0,0,1,-5,5,1.44385
6.325,1,1,0,0,1,-5,5,1.44363
6.33,1,1,0,0,1,-5,5,1.44341
6.335,1,1,0,0,1,-5,5,1.44318
6.34,1,1,0,0,1,-5,5,1.44296
6.345,1,1,0,0,1,-5,5,1.44274
6.35,1,1,0,0,1,-5,5,1.44252
6.355,1,1,0,0,1,-5,5,1.4423
6.36,1,1,0,0,1,-5,5,1.44208
6.365,1,1,0,0,1,-5,5,1.44186
6.37,1,1,0,0,1,-5,5,1.44164
6.375,1,1,0,0,1,-5,5,1.44141
6.38,1,1,0,0,1,-5,5,1.44119
6.385,1,1,0,0,1,-5,5,1.44097
6.39,1,1,0,0,1,-5,5,1.44075
6.395,1,1,0,0,1,-5,5,1.44053
6.4,1,1,0,0,1,-5,5,1.44031
6.405,1,1,0,0,1,-5,5,1.44009
6.41,1,1,0,0,1,-5,5,1.43987
6.415,1,1,0,0,1,-5,5,1.43965
6.42,1,1,0,0,1,-5,5,1.43943
6.425,1,1,0,0,1,-5,5,1.43921
6.43,1,1,0,0,1,-5,5,1.43899
6.435,1,1,0,0,1,-5,5,1.43877
6.44,1,1,0,0,1,-5,5,1.43855
6.445,1,1,0,0,1,-5,5,1.43834
6.45,1,1,0,0,1,-5,5,1.43812
6.455,1,1,0,0,1,-5,5,1.4379
6.46,1,1,0,0,1,-5,5,1.43768
6.465,1,1,0,0,1,-5,5,1.43746
6.47,1,1,0,0,1,-5,5,1.43724
6.475,1,1,0,0,1,-5,5,1.43702
6.48,1,1,0,0,1,-5,5,1.4368
6.485,1,1,0,0,1,-5,5,1.43659
6.49,1,1,0,0,1,-5,5,1.43637
6.495,1,1,0,0,1,-5,5,1.43615
6.5,1,1,0,0,1,-5,5,1.43593
6.505,1,1,0,0,1,-5,5,1.43571
6.51,1,1,0,0,1,-5,5,1.4355
6.515,1,1,0,0,1,-5,5,1.43528
6.52,1,1,0,0,1,-5,5,1.43506
6.525,1,1,0,0,1,-5,5,1.43484
6.53,1,1,0,0,1,-5,5,1.43463
6.535,1,1,0,0,1,-5,5,1.43441
6.54,1,1,0,0,1,-5,5,1.43419
6.545,1,1,0,0,1,-5,5,1.43397
6.55,1,1,0,0,1,-5,5,1.43376
6.555,1,1,0,0,1,-5,5,1.43354
6.56,1,1,0,0,1,-5,5,1.43332
6.565,1,1,0,0,1,-5,5,1.43311
6.57,1,1,0,0,1,-5,5,1.43289
6.575,1,1,0,0,1,-5,5,1.43267
6.58,1,1,0,0,1,-5,5,1.43246
6.585,1,1,0,0,1,-5,5,1.43224
6.59,1,1,0,0,1,-5,5,1.43203
6.595,1,1,0,0,1,-5,5,1.43181
6.6,1,1,0,0,1,-5,5,1.43159
6.605,1,1,0,0,1,-5,5,1.43138
6.61,1,1,0,0,1,-5,5,1.43116
6.615,1,1,0,0,1,-5,5,1.43095
6.62,1,1,0,0,1,-5,5,1.43073
6.625,1,1,0,0,1,-5,5,1.43052
6.63,1,1,0,0,1,-5,5,1.4303
6.635,1,1,0,0,1,-5,5,1.43009
6.64,1,1,0,0,1,-5,5,1.42987
6.645,1,1,0,0,1,-5,5,1.42966
6.65,1,1,0,0,1,-5,5,1.42944
6.655,1,1,0,0,1,-5,5,1.42923
6.66,1,1,0,0,1,-5,5,1.42901
6.665,1,1,0,0,1,-5,5,1.4288
6.67,1,1,0,0,1,-5,5,1.42858
6.675,1,1,0,0,1,-5,5,1.42837
6.68,1,1,0,0,1,-5,5,1.42815
6.685,1,1,0,0,1,-5,5,1.42794
6.69,1,1,0,0,1,-5,5,1.42773
6.695,1,1,0,0,1,-5,5,1.42751
6.7,1,1,0,0,1,-5,5,1.4273
6.705,1,1,0,0,1,-5,5,1.42709
6.71,1,1,0,0,1,-5,5,1.42687
6.715,1,1,0,0,1,-5,5,1.42666
6.72,1,1,0,0,1,-5,5,1.42645
6.725,1,1,0,0,1,-5,5,1.42623
6.73,1,1,0,0,1,-5,5,1.42602
6.735,1,1,0,0,1,-5,5,1.42581
6.74,1,1,0,0,1,-5,5,1.42559
6.745,1,1,0,0,1,-5,5,1.42538
6.75,1,1,0,0,1,-5,5,1.42517
6.755,1,1,0,0,1,-5,5,1.42496
6.76,1,1,0,0,1,-5,5,1.42474
6.765,1,1,0,0,1,-5,5,1.42453
6.77,1,1,0,0,1,-5,5,1.42432
6.775,1,1,0,0,1,-5,5,1.42411
6.78,1,1,0,0,1,-5,5,1.42389
6.785,1,1,0,0,1,-5,5,1.42368
6.79,1,1,0,0,1,-5,5,1.42347
6.795,1,1,0,0,1,-5,5,1.42326
6.8,1,1,0,0,1,-5,5,1.42305
6.805,1,1,0,0,1,-5,5,1.42284
6.81,1,1,0,0,1,-5,5,1.42262
6.815,1,1,0,0,1,-5,5,1.42241
6.82,1,1,0,0,1,-5,5,1.4222
6.825,1,1,0,0,1,-5,5,1.42199
6.83,1,1,0,0,1,-5,5,1.42178
6.835,1,1,0,0,1,-5,5,1.42157
6.84,1,1,0,0,1,-5,5,1.42136
6.845,1,1,0,0,1,-5,5,1.42115
6.85,1,1,0,0,1,-5,5,1.42094
6.855,1,1,0,0,1,-5,5,1.42073
6.86,1,1,0,0,1,-5,5,1.42052
6.865,1,1,0,0,1,-5,5,1.42031
6.87,1,1,0,0,1,-5,5,1.4201
6.875,1,1,0,0,1,-5,5,1.41989
6.88,1,1,0,0,1,-5,5,1.41968
6.885,1,1,0,0,1,-5,5,1.41947
6.89,1,1,0,0,1,-5,5,1.41926
6.895,1,1,0,0,1,-5,5,1.41905
6.9,1,1,0,0,1,-5,5,1.41884
6.905,1,1,0,0,1,-5,5,1.41863
6.91,1,1,0,0,1,-5,5,1.41842
6.915,1,1,0,0,1,-5,5,1.41821
6.92,1,1,0,0,1,-5,5,1.418
6.925,1,1,0,0,1,-5,5,1.41779
6.93,1,1,0,0,1,-5,5,1.41758
6.935,1,1,0,0,1,-5,5,1.41737
6.94,1,1,0,0,1,-5,5,1.41717
6.945,1,1,0,0,1,-5,5,1.41696
6.95,1,1,0,0,1,-5,5,1.41675
6.955,1,1,0,0,1,-5,5,1.41654
6.96,1,1,0,0,1,-5,5,1.41633
6.965,1,1,0,0,1,-5,5,1.41612
6.97,1,1,0,0,1,-5,5,1.41592
6.975,1,1,0,0,1,-5,5,1.41571
6.98,1,1,0,0,1,-5,5,1.4155
6.985,1,1,0,0,1,-5,5,1.41529
6.99,1,1,0,0,1,-5,5,1.41509
6.995,1,1,0,0,1,-5,5,1.41488
7,1,1,0,0,1,-5,5,1.41467
7.005,1,1,0,0,1,-5,5,1.41446
7.01,1,1,0,0,1,-5,5,1.41426
7.015,1,1,0,0,1,-5,5,1.41405
7.02,1,1,0,0,1,-5,5,1.41384
7.025,1,1,0,0,1,-5,5,1.41364
7.03,1,1,0,0,1,-5,5,1.41343
7.035,1,1,0,0,1,-5,5,1.41322
7.04,1,1,0,0,1,-5,5,1.41302
7.045,1,1,0,0,1,-5,5,1.41281
7.05,1,1,0,0,1,-5,5,1.4126
7.055,1,1,0,0,1,-5,5,1.4124
7.06,1,1,0,0,1,-5,5,1.41219
7.065,1,1,0,0,1,-5,5,1.41198
7.07,1,1,0,0,1,-5,5,1.41178
7.075,1,1,0,0,1,-5,5,1.41157
7.08,1,1,0,0,1,-5,5,1.41137
7.085,1,1,0,0,1,-5,5,1.41116
7.09,1,1,0,0,1,-5,5,1.41096
7.095,1,1,0,0,1,-5,5,1.41075
7.1,1,1,0,0,1,-5,5,1.41054
7.105,1,1,0,0,1,-5,5,1.41034
7.11,1,1,0,0,1,-5,5,1.41013
7.115,1,1,0,0,1,-5,5,1.40993
7.12,1,1,0,0,1,-5,5,1.40972
7.125,1,1,0,0,1,-5,5,1.40952
7.13,1,1,0,0,1,-5,5,1.40931
7.135,1,1,0,0,1,-5,5,1.40911
7.14,1,1,0,0,1,-5,5,1.40891
7.145,1,1,0,0,1,-5,5,1.4087
7.15,1,1,0,0,1,-5,5,1.4085
7.155,1,1,0,0,1,-5,5,1.40829
7.16,1,1,0,0,1,-5,5,1.40809
7.165,1,1,0,0,1,-5,5,1.40788
7.17,1,1,0,0,1,-5,5,1.40768
7.175,1,1,0,0,1,-5,5,1.40748
7.18,1,1,0,0,1,-5,5,1.40727
7.185,1,1,0,0,1,-5,5,1.40707
7.19,1,1,0,0,1,-5,5,1.40687
7.195,1,1,0,0,1,-5,5,1.40666
7.2,1,1,0,0,1,-5,5,1.40646
7.205,1,1,0,0,1,-5,5,1.40626
7.21,1,1,0,0,1,-5,5,1.40605
7.215,1,1,0,0,1,-5,5,1.40585
7.22,1,1,0,0,1,-5,5,1.40565
7.225,1,1,0,0,1,-5,5,1.40544
7.23,1,1,0,0,1,-5,5,1.40524
7.235,1,1,0,0,1,-5,5,1.40504
7.24,1,1,0,0,1,-5,5,1.40484
7.245,1,1,0,0,1,-5,5,1.40463
7.25,1,1,0,0,1,-5,5,1.40443
7.255,1,1,0,0,1,-5,5,1.40423
7.26,1,1,0,0,1,-5,5,1.40403
7.265,1,1,0,0,1,-5,5,1.40383
7.27,1,1,0,0,1,-5,5,1.40362
7.275,1,1,0,0,1,-5,5,1.40342
7.28,1,1,0,0,1,-5,5,1.40322
7.285,1,1,0,0,1,-5,5,1.40302
7.29,1,1,0,0,1,-5,5,1.40282
7.295,1,1,0,0,1,-5,5,1.40262
7.3,1,1,0,0,1,-5,5,1.40242
7.305,1,1,0,0,1,-5,5,1.40221
7.31,1,1,0,0,1,-5,5,1.40201
7.315,1,1,0,0,1,-5,5,1.40181
7.32,1,1,0,0,1,-5,5,1.40161
7.325,1,1,0,0,1,-5,5,1.40141
7.33,1,1,0,0,1,-5,5,1.40121
7.335,1,1,0,0,1,-5,5,1.40101
7.34,1,1,0,0,1,-5,5,1.40081
7.345,1,1,0,0,1,-5,5,1.40061
7.35,1,1,0,0,1,-5,5,1.40041
7.355,1,1,0,0,1,-5,5,1.40021
7.36,1,1,0,0,1,-5,5,1.40001
7.365,1,1,0,0,1,-5,5,1.39981
7.37,1,1,0,0,1,-5,5,1.39961
7.375,1,1,0,0,1,-5,5,1.39941
7.38,1,1,0,0,1,-5,5,1.39921
7.385,1,1,0,0,1,-5,5,1.39901
7.39,1,1,0,0,1,-5,5,1.39881
7.395,1,1,0,0,1,-5,5,1.39861
7.4,1,1,0,0,1,-5,5,1.39841
7.405,1,1,0,0,1,-5,5,1.39821
7.41,1,1,0,0,1,-5,5,1.39801
7.415,1,1,0,0,1,-5,5,1.39781
7.42,1,1,0,0,1,-5,5,1.39762
7.425,1,1,0,0,1,-5,5,1.39742
7.43,1,1,0,0,1,-5,5,1.39722
7.435,1,1,0,0,1,-5,5,1.39702
7.44,1,1,0,0,1,-5,5,1.39682
7.445,1,1,0,0,1,-5,5,1.39662
7.45,1,1,0,0,1,-5,5,1.39642
7.455,1,1,0,0,1,-5,5,1.39623
7.46,1,1,0,0,1,-5,5,1.39603
7.465,1,1,0,0,1,-5,5,1.39583
7.47,1,1,0,0,1,-5,5,1.39563
7.475,1,1,0,0,1,-5,5,1.39543
7.48,1,1,0,0,1,-5,5,1.39524
7.485,1,1,0,0,1,-5,5,1.39504
7.49,1,1,0,0,1,-5,5,1.39484
7.495,1,1,0,0,1,-5,5,1.39464
7.5,1,1,0,0,1,-5,5,1.39445
7.505,1,1,0,0,1,-5,5,1.39425
7.51,1,1,0,0,1,-5,5,1.39405
7.515,1,1,0,0,1,-5,5,1.39386
7.52,1,1,0,0,1,-5,5,1.39366
7.525,1,1,0,0,1,-5,5,1.39346
7.53,1,1,0,0,1,-5,5,1.39327
7.535,1,1,0,0,1,-5,5,1.39307
7.54,1,1,0,0,1,-5,5,1.39287
7.545,1,1,0,0,1,-5,5,1.39268
7.55,1,1,0,0,1,-5,5,1.39248
7.555,1,1,0,0,1,-5,5,1.39228
7.56,1,1,0,0,1,-5,5,1.39209
7.565,1,1,0,0,1,-5,5,1.39189
7.57,1,1,0,0,1,-5,5,1.3917
7.575,1,1,0,0,1,-5,5,1.3915
7.58,1,1,0,0,1,-5,5,1.3913
7.585,1,1,0,0,1,-5,5,1.39111
7.59,1,1,0,0,1,-5,5,1.39091
7.595,1,1,0,0,1,-5,5,1.39072
7.6,1,1,0,0,1,-5,5,1.39052
7.605,1,1,0,0,1,-5,5,1.39033
7.61,1,1,0,0,1,-5,5,1.39013
7.615,1,1,0,0,1,-5,5,1.38994
7.62,1,1,0,0,1,-5,5,1.38974
7.625,1,1,0,0,1,-5,5,1.38955
7.63,1,1,0,0,1,-5,5,1.38935
7.635,1,1,0,0,1,-5,5,1.38916
7.64,1,1,0,0,1,-5,5,1.38896
7.645,1,1,0,0,1,-5,5,1.38877
7.65,1,1,0,0,1,-5,5,1.38857
7.655,1,1,0,0,1,-5,5,1.38838
7.66,1,1,0,0,1,-5,5,1.38819
7.665,1,1,0,0,1,-5,5,1.38799
7.67,1,1,0,0,1,-5,5,1.3878
7.675,1,1,0,0,1,-5,5,1.3876
7.68,1,1,0,0,1,-5,5,1.38741
7.685,1,1,0,0,1,-5,5,1.38722
7.69,1,1,0,0,1,-5,5,1.38702
7.695,1,1,0,0,1,-5,5,1.38683
7.7,1,1,0,0,1,-5,5,1.38664
7.705,1,1,0,0,1,-5,5,1.38644
7.71,1,1,0,0,1,-5,5,1.38625
7.715,1,1,0,0,1,-5,5,1.38606
7.72,1,1,0,0,1,-5,5,1.38586
7.725,1,1,0,0,1,-5,5,1.38567
7.73,1,1,0,0,1,-5,5,1.38548
7.735,1,1,0,0,1,-5,5,1.38529
7.74,1,1,0,0,1,-5,5,1.38509
7.745,1,1,0,0,1,-5,5,1.3849
7.75,1,1,0,0,1,-5,5,1.38471
7.755,1,1,0,0,1,-5,5,1.38452
7.76,1,1,0,0,1,-5,5,1.38432
7.765,1,1,0,0,1,-5,5,1.38413
7.77,1,1,0,0,1,-5,5,1.38394
7.775,1,1,0,0,1,-5,5,1.38375
7.78,1,1,0,0,1,-5,5,1.38356
7.785,1,1,0,0,1,-5,5,1.38336
7.79,1,1,0,0,1,-5,5,1.38317
7.795,1,1,0,0,1,-5,5,1.38298
7.8,1,1,0,0,1,-5,5,1.38279
7.805,1,1,0,0,1,-5,5,1.3826
7.81,1,1,0,0,1,-5,5,1.38241
7.815,1,1,0,0,1,-5,5,1.38222
7.82,1,1,0,0,1,-5,5,1.38202
7.825,1,1,0,0,1,-5,5,1.38183
7.83,1,1,0,0,1,-5,5,1.38164
7.835,1,1,0,0,1,-5,5,1.38145
7.84,1,1,0,0,1,-5,5,1.38126
7.845,1,1,0,0,1,-5,5,1.38107
7.85,1,1,0,0,1,-5,5,1.38088
7.855,1,1,0,0,1,-5,5,1.38069
7.86,1,1,0,0,1,-5,5,1.3805
7.865,1,1,0,0,1,-5,5,1.38031
7.87,1,1,0,0,1,-5,5,1.38012
7.875,1,1,0,0,1,-5,5,1.37993
7.88,1,1,0,0,1,-5,5,1.37974
7.885,1,1,0,0,1,-5,5,1.37955
7.89,1,1,0,0,1,-5,5,1.37936
7.895,1,1,0,0,1,-5,5,1.37917
7.9,1,1,0,0,1,-5,5,1.37898
7.905,1,1,0,0,1,-5,5,1.37879
7.91,1,1,0,0,1,-5,5,1.3786
7.915,1,1,0,0,1,-5,5,1.37841
7.92,1,1,0,0,1,-5,5,1.37822
7.925,1,1,0,0,1,-5,5,1.37803
7.93,1,1,0,0,1,-5,5,1.37785
7.935,1,1,0,0,1,-5,5,1.37766
7.94,1,1,0,0,1,-5,5,1.37747
7.945,1,1,0,0,1,-5,5,1.37728
7.95,1,1,0,0,1,-5,5,1.37709
7.955,1,1,0,0,1,-5,5,1.3769
7.96,1,1,0,0,1,-5,5,1.37671
7.965,1,1,0,0,1,-5,5,1.37653
7.97,1,1,0,0,1,-5,5,1.37634
7.975,1,1,0,0,1,-5,5,1.37615
7.98,1,1,0,0,1,-5,5,1.37596
7.985,1,1,0,0,1,-5,5,1.37577
7.99,1,1,0,0,1,-5,5,1.37558
7.995,1,1,0,0,1,-5,5,1.3754
8,1,1,0,0,1,-5,5,1.37521
8.005,1,1,0,0,1,-5,5,1.37502
8.01,1,1,0,0,1,-5,5,1.37483
8.015,1,1,0,0,1,-5,5,1.37465
8.02,1,1,0,0,1,-5,5,1.37446
8.025,1,1,0,0,1,-5,5,1.37427
8.03,1,1,0,0,1,-5,5,1.37409
8.035,1,1,0,0,1,-5,5,1.3739
8.04,1,1,0,0,1,-5,5,1.37371
8.045,1,1,0,0,1,-5,5,1.37352
8.05,1,1,0,0,1,-5,5,1.37334
8.055,1,1,0,0,1,-5,5,1.37315
8.06,1,1,0,0,1,-5,5,1.37297
8.065,1,1,0,0,1,-5,5,1.37278
8.07,1,1,0,0,1,-5,5,1.37259
8.075,1,1,0,0,1,-5,5,1.37241
8.08,1,1,0,0,1,-5,5,1.37222
8.085,1,1,0,0,1,-5,5,1.37203
8.09,1,1,0,0,1,-5,5,1.37185
8.095,1,1,0,0,1,-5,5,1.37166
8.1,1,1,0,0,1,-5,5,1.37148
8.105,1,1,0,0,1,-5,5,1.37129
8.11,1,1,0,0,1,-5,5,1.3711
8.115,1,1,0,0,1,-5,5,1.37092
8.12,1,1,0,0,1,-5,5,1.37073
8.125,1,1,0,0,1,-5,5,1.37055
8.13,1,1,0,0,1,-5,5,1.37036
8.135,1,1,0,0,1,-5,5,1.37018
8.14,1,1,0,0,1,-5,5,1.36999
8.145,1,1,0,0,1,-5,5,1.36981
8.15,1,1,0,0,1,-5,5,1.36962
8.155,1,1,0,0,1,-5,5,1.36944
8.16,1,1,0,0,1,-5,5,1.36925
8.165,1,1,0,0,1,-5,5,1.36907
8.17,1,1,0,0,1,-5,5,1.36888
8.175,1,1,0,0,1,-5,5,1.3687
8.18,1,1,0,0,1,-5,5,1.36852
8.185,1,1,0,0,1,-5,5,1.36833
8.19,1,1,0,0,1,-5,5,1.36815
8.195,1,1,0,0,1,-5,5,1.36796
8.2,1,1,0,0,1,-5,5,1.36778
8.205,1,1,0,0,1,-5,5,1.3676
8.21,1,1,0,0,1,-5,5,1.36741
8.215,1,1,0,0,1,-5,5,1.36723
8.22,1,1,0,0,1,-5,5,1.36705
8.225,1,1,0,0,1,-5,5,1.36686
8.23,1,1,0,0,1,-5,5,1.36668
8.235,1,1,0,0,1,-5,5,1.36649
8.24,1,1,0,0,1,-5,5,1.36631
8.245,1,1,0,0,1,-5,5,1.36613
8.25,1,1,0,0,1,-5,5,1.36595
8.255,1,1,0,0,1,-5,5,1.36576
8.26,1,1,0,0,1,-5,5,1.36558
8.265,1,1,0,0,1,-5,5,1.3654
8.27,1,1,0,0,1,-5,5,1.36521
8.275,1,1,0,0,1,-5,5,1.36503
8.28,1,1,0,0,1,-5,5,1.36485
8.285,1,1,0,0,1,-5,5,1.36467
8.29,1,1,0,0,1,-5,5,1.36448
8.295,1,1,0,0,1,-5,5,1.3643
8.3,1,1,0,0,1,-5,5,1.36412
8.305,1,1,0,0,1,-5,5,1.36394
8.31,1,1,0,0,1,-5,5,1.36376
8.315,1,1,0,0,1,-5,5,1.36357
8.32,1,1,0,0,1,-5,5,1.36339
8.325,1,1,0,0,1,-5,5,1.36321
8.33,1,1,0,0,1,-5,5,1.36303
8.335,1,1,0,0,1,-5,5,1.36285
8.34,1,1,0,0,1,-5,5,1.36267
8.345,1,1,0,0,1,-5,5,1.36249
8.35,1,1,0,0,1,-5,5,1.3623
8.355,1,1,0,0,1,-5,5,1.36212
8.36,1,1,0,0,1,-5,5,1.36194
8.365,1,1,0,0,1,-5,5,1.36176
8.37,1,1,0,0,1,-5,5,1.36158
8.375,1,1,0,0,1,-5,5,1.3614
8.38,1,1,0,0,1,-5,5,1.36122
8.385,1,1,0,0,1,-5,5,1.36104
8.39,1,1,0,0,1,-5,5,1.36086
8.395,1,1,0,0,1,-5,5,1.36068
8.4,1,1,0,0,1,-5,5,1.3605
8.405,1,1,0,0,1,-5,5,1.36032
8.41,1,1,0,0,1,-5,5,1.36014
8.415,1,1,0,0,1,-5,5,1.35996
8.42,1,1,0,0,1,-5,5,1.35978
8.425,1,1,0,0,1,-5,5,1.3596
8.43,1,1,0,0,1,-5,5,1.35942
8.435,1,1,0,0,1,-5,5,1.35924
8.44,1,1,0,0,1,-5,5,1.35906
8.445,1,1,0,0,1,-5,5,1.35888
8.45,1,1,0,0,1,-5,5,1.3587
8.455,1,1,0,0,1,-5,5,1.35852
8.46,1,1,0,0,1,-5,5,1.35834
8.465,1,1,0,0,1,-5,5,1.35816
8.47,1,1,0,0,1,-5,5,1.35798
8.475,1,1,0,0,1,-5,5,1.3578
8.48,1,1,0,0,1,-5,5,1.35762
8.485,1,1,0,0,1,-5,5,1.35745
8.49,1,1,0,0,1,-5,5,1.35727
8.495,1,1,0,0,1,-5,5,1.35709
8.5,1,1,0,0,1,-5,5,1.35691
8.505,1,1,0,0,1,-5,5,1.35673
8.51,1,1,0,0,1,-5,5,1.35655
8.515,1,1,0,0,1,-5,5,1.35638
8.52,1,1,0,0,1,-5,5,1.3562
8.525,1,1,0,0,1,-5,5,1.35602
8.53,1,1,0,0,1,-5,5,1.35584
8.535,1,1,0,0,1,-5,5,1.35566
8.54,1,1,0,0,1,-5,5,1.35549
8.545,1,1,0,0,1,-5,5,1.35531
8.55,1,1,0,0,1,-5,5,1.35513
8.555,1,1,0,0,1,-5,5,1.35495
8.56,1,1,0,0,1,-5,5,1.35478
8.565,1,1,0,0,1,-5,5,1.3546
8.57,1,1,0,0,1,-5,5,1.35442
8.575,1,1,0,0,1,-5,5,1.35424
8.58,1,1,0,0,1,-5,5,1.35407
8.585,1,1,0,0,1,-5,5,1.35389
8.59,1,1,0,0,1,-5,5,1.35371
8.595,1,1,0,0,1,-5,5,1.35354
8.6,1,1,0,0,1,-5,5,1.35336
8.605,1,1,0,0,1,-5,5,1.35318
8.61,1,1,0,0,1,-5,5,1.35301
8.615,1,1,0,0,1,-5,5,1.35283
8.62,1,1,0,0,1,-5,5,1.35265
8.625,1,1,0,0,1,-5,5,1.35248
8.63,1,1,0,0,1,-5,5,1.3523
8.635,1,1,0,0,1,-5,5,1.35212
8.64,1,1,0,0,1,-5,5,1.35195
8.645,1,1,0,0,1,-5,5,1.35177
8.65,1,1,0,0,1,-5,5,1.3516
8.655,1,1,0,0,1,-5,5,1.35142
8.66,1,1,0,0,1,-5,5,1.35125
8.665,1,1,0,0,1,-5,5,1.35107
8.67,1,1,0,0,1,-5,5,1.35089
8.675,1,1,0,0,1,-5,5,1.35072
8.68,1,1,0,0,1,-5,5,1.35054
8.685,1,1,0,0,1,-5,5,1.35037
8.69,1,1,0,0,1,-5,5,1.35019
8.695,1,1,0,0,1,-5,5,1.35002
8.7,1,1,0,0,1,-5,5,1.34984
8.705,1,1,0,0,1,-5,5,1.34967
8.71,1,1,0,0,1,-5,5,1.34949
8.715,1,1,0,0,1,-5,5,1.34932
8.72,1,1,0,0,1,-5,5,1.34914
8.725,1,1,0,0,1,-5,5,1.34897
8.73,1,1,0,0,1,-5,5,1.3488
8.735,1,1,0,0,1,-5,5,1.34862
8.74,1,1,0,0,1,-5,5,1.34845
8.745,1,1,0,0,1,-5,5,1.34827
8.75,1,1,0,0,1,-5,5,1.3481
8.755,1,1,0,0,1,-5,5,1.34792
8.76,1,1,0,0,1,-5,5,1.34775
8.765,1,1,0,0,1,-5,5,1.34758
8.77,1,1,0,0,1,-5,5,1.3474
8.775,1,1,0,0,1,-5,5,1.34723
8.78,1,1,0,0,1,-5,5,1.34706
8.785,1,1,0,0,1,-5,5,1.34688
8.79,1,1,0,0,1,-5,5,1.34671
8.795,1,1,0,0,1,-5,5,1.34654
8.8,1,1,0,0,1,-5,5,1.34636
8.805,1,1,0,0,1,-5,5,1.34619
8.81,1,1,0,0,1,-5,5,1.34602
8.815,1,1,0,0,1,-5,5,1.34584
8.82,1,1,0,0,1,-5,5,1.34567
8.825,1,1,0,0,1,-5,5,1.3455
8.83,1,1,0,0,1,-5,5,1.34532
8.835,1,1,0,0,1,-5,5,1.34515
8.84,1,1,0,0,1,-5,5,1.34498
8.845,1,1,0,0,1,-5,5,1.34481
8.85,1,1,0,0,1,-5,5,1.34463
8.855,1,1,0,0,1,-5,5,1.34446
8.86,1,1,0,0,1,-5,5,1.34429
8.865,1,1,0,0,1,-5,5,1.34412
8.87,1,1,0,0,1,-5,5,1.34395
8.875,1,1,0,0,1,-5,5,1.34377
8.88,1,1,0,0,1,-5,5,1.3436
8.885,1,1,0,0,1,-5,5,1.34343
8.89,1,1,0,0,1,-5,5,1.34326
8.895,1,1,0,0,1,-5,5,1.34309
8.9,1,1,0,0,1,-5,5,1.34292
8.905,1,1,0,0,1,-5,5,1.34274
8.91,1,1,0,0,1,-5,5,1.34257
8.915,1,1,0,0,1,-5,5,1.3424
8.92,1,1,0,0,1,-5,5,1.34223
8.925,1,1,0,0,1,-5,5,1.34206
8.93,1,1,0,0,1,-5,5,1.34189
8.935,1,1,0,0,1,-5,5,1.34172
8.94,1,1,0,0,1,-5,5,1.34155
8.945,1,1,0,0,1,-5,5,1.34138
8.95,1,1,0,0,1,-5,5,1.34121
8.955,1,1,0,0,1,-5,5,1.34103
8.96,1,1,0,0,1,-5,5,1.34086
8.965,1,1,0,0,1,-5,5,1.34069
8.97,1,1,0,0,1,-5,5,1.34052
8.975,1,1,0,0,1,-5,5,1.34035
8.98,1,1,0,0,1,-5,5,1.34018
8.985,1,1,0,0,1,-5,5,1.34001
8.99,1,1,0,0,1,-5,5,1.33984
8.995,1,1,0,0,1,-5,5,1.33967
9,1,1,0,0,1,-5,5,1.3395
9.005,1,1,0,0,1,-5,5,1.33933
9.01,1,1,0,0,1,-5,5,1.33916
9.015,1,1,0,0,1,-5,5,1.33899
9.02,1,1,0,0,1,-5,5,1.33883
9.025,1,1,0,0,1,-5,5,1.33866
9.03,1,1,0,0,1,-5,5,1.33849
9.035,1,1,0,0,1,-5,5,1.33832
9.04,1,1,0,0,1,-5,5,1.33815
9.045,1,1,0,0,1,-5,5,1.33798
9.05,1,1,0,0,1,-5,5,1.33781
9.055,1,1,0,0,1,-5,5,1.33764
9.06,1,1,0,0,1,-5,5,1.33747
9.065,1,1,0,0,1,-5,5,1.3373
9.07,1,1,0,0,1,-5,5,1.33714
9.075,1,1,0,0,1,-5,5,1.33697
9.08,1,1,0,0,1,-5,5,1.3368
9.085,1,1,0,0,1,-5,5,1.33663
9.09,1,1,0,0,1,-5,5,1.33646
9.095,1,1,0,0,1,-5,5,1.33629
9.1,1,1,0,0,1,-5,5,1.33613
9.105,1,1,0,0,1,-5,5,1.33596
9.11,1,1,0,0,1,-5,5,1.33579
9.115,1,1,0,0,1,-5,5,1.33562
9.12,1,1,0,0,1,-5,5,1.33545
9.125,1,1,0,0,1,-5,5,1.33529
9.13,1,1,0,0,1,-5,5,1.33512
9.135,1,1,0,0,1,-5,5,1.33495
9.14,1,1,0,0,1,-5,5,1.33478
9.145,1,1,0,0,1,-5,5,1.33462
9.15,1,1,0,0,1,-5,5,1.33445
9.155,1,1,0,0,1,-5,5,1.33428
9.16,1,1,0,0,1,-5,5,1.33411
9.165,1,1,0,0,1,-5,5,1.33395
9.17,1,1,0,0,1,-5,5,1.33378
9.175,1,1,0,0,1,-5,5,1.33361
9.18,1,1,0,0,1,-5,5,1.33345
9.185,1,1,0,0,1,-5,5,1.33328
9.19,1,1,0,0,1,-5,5,1.33311
9.195,1,1,0,0,1,-5,5,1.33295
9.2,1,1,0,0,1,-5,5,1.33278
9.205,1,1,0,0,1,-5,5,1.33261
9.21,1,1,0,0,1,-5,5,1.33245
9.215,1,1,0,0,1,-5,5,1.33228
9.22,1,1,0,0,1,-5,5,1.33212
9.225,1,1,0,0,1,-5,5,1.33195
9.23,1,1,0,0,1,-5,5,1.33178
9.235,1,1,0,0,1,-5,5,1.33162
9.24,1,1,0,0,1,-5,5,1.33145
9.245,1,1,0,0,1,-5,5,1.33129
9.25,1,1,0,0,1,-5,5,1.33112
9.255,1,1,0,0,1,-5,5,1.33096
9.26,1,1,0,0,1,-5,5,1.33079
9.265,1,1,0,0,1,-5,5,1.33062
9.27,1,1,0,0,1,-5,5,1.33046
9.275,1,1,0,0,1,-5,5,1.33029
9.28,1,1,0,0,1,-5,5,1.33013
9.285,1,1,0,0,1,-5,5,1.32996
9.29,1,1,0,0,1,-5,5,1.3298
9.295,1,1,0,0,1,-5,5,1.32963
9.3,1,1,0,0,1,-5,5,1.32947
9.305,1,1,0,0,1,-5,5,1.32931
9.31,1,1,0,0,1,-5,5,1.32914
9.315,1,1,0,0,1,-5,5,1.32898
9.32,1,1,0,0,1,-5,5,1.32881
9.325,1,1,0,0,1,-5,5,1.32865
9.33,1,1,0,0,1,-5,5,1.32848
9.335,1,1,0,0,1,-5,5,1.32832
9.34,1,1,0,0,1,-5,5,1.32815
9.345,1,1,0,0,1,-5,5,1.32799
9.35,1,1,0,0,1,-5,5,1.32783
9.355,1,1,0,0,1,-5,5,1.32766
9.36,1,1,0,0,1,-5,5,1.3275
9.365,1,1,0,0,1,-5,5,1.32734
9.37,1,1,0,0,1,-5,5,1.32717
9.375,1,1,0,0,1,-5,5,1.32701
9.38,1,1,0,0,1,-5,5,1.32684
9.385,1,1,0,0,1,-5,5,1.32668
9.39,1,1,0,0,1,-5,5,1.32652
9.395,1,1,0,0,1,-5,5,1.32635
9.4,1,1,0,0,1,-5,5,1.32619
9.405,1,1,0,0,1,-5,5,1.32603
9.41,1,1,0,0,1,-5,5,1.32587
9.415,1,1,0,0,1,-5,5,1.3257
9.42,1,1,0,0,1,-5,5,1.32554
9.425,1,1,0,0,1,-5,5,1.32538
9.43,1,1,0,0,1,-5,5,1.32521
9.435,1,1,0,0,1,-5,5,1.32505
9.44,1,1,0,0,1,-5,5,1.32489
9.445,1,1,0,0,1,-5,5,1.32473
9.45,1,1,0,0,1,-5,5,1.32456
9.455,1,1,0,0,1,-5,5,1.3244
9.46,1,1,0,0,1,-5,5,1.32424
9.465,1,1,0,0,1,-5,5,1.32408
9.47,1,1,0,0,1,-5,5,1.32392
9.475,1,1,0,0,1,-5,5,1.32375
9.48,1,1,0,0,1,-5,5,1.32359
9.485,1,1,0,0,1,-5,5,1.32343
9.49,1,1,0,0,1,-5,5,1.32327
9.495,1,1,0,0,1,-5,5,1.32311
9.5,1,1,0,0,1,-5,5,1.32295
9.505,1,1,0,0,1,-5,5,1.32278
9.51,1,1,0,0,1,-5,5,1.32262
9.515,1,1,0,0,1,-5,5,1.32246
9.52,1,1,0,0,1,-5,5,1.3223
9.525,1,1,0,0,1,-5,5,1.32214
9.53,1,1,0,0,1,-5,5,1.32198
9.535,1,1,0,0,1,-5,5,1.32182
9.54,1,1,0,0,1,-5,5,1.32166
9.545,1,1,0,0,1,-5,5,1.3215
9.55,1,1,0,0,1,-5,5,1.32134
9.555,1,1,0,0,1,-5,5,1.32117
9.56,1,1,0,0,1,-5,5,1.32101
9.565,1,1,0,0,1,-5,5,1.32085
9.57,1,1,0,0,1,-5,5,1.32069
9.575,1,1,0,0,1,-5,5,1.32053
9.58,1,1,0,0,1,-5,5,1.32037
9.585,1,1,0,0,1,-5,5,1.32021
9.59,1,1,0,0,1,-5,5,1.32005
9.595,1,1,0,0,1,-5,5,1.31989
9.6,1,1,0,0,1,-5,5,1.31973
9.605,1,1,0,0,1,-5,5,1.31957
9.61,1,1,0,0,1,-5,5,1.31941
9.615,1,1,0,0,1,-5,5,1.31925
9.62,1,1,0,0,1,-5,5,1.31909
9.625,1,1,0,0,1,-5,5,1.31893
9.63,1,1,0,0,1,-5,5,1.31877
9.635,1,1,0,0,1,-5,5,1.31862
9.64,1,1,0,0,1,-5,5,1.31846
9.645,1,1,0,0,1,-5,5,1.3183
9.65,1,1,0,0,1,-5,5,1.31814
9.655,1,1,0,0,1,-5,5,1.31798
9.66,1,1,0,0,1,-5,5,1.31782
9.665,1,1,0,0,1,-5,5,1.31766
9.67,1,1,0,0,1,-5,5,1.3175
9.675,1,1,0,0,1,-5,5,1.31734
9.68,1,1,0,0,1,-5,5,1.31718
9.685,1,1,0,0,1,-5,5,1.31703
9.69,1,1,0,0,1,-5,5,1.31687
9.695,1,1,0,0,1,-5,5,1.31671
9.7,1,1,0,0,1,-5,5,1.31655
9.705,1,1,0,0,1,-5,5,1.31639
9.71,1,1,0,0,1,-5,5,1.31623
9.715,1,1,0,0,1,-5,5,1.31608
9.72,1,1,0,0,1,-5,5,1.31592
9.725,1,1,0,0,1,-5,5,1.31576
9.73,1,1,0,0,1,-5,5,1.3156
9.735,1,1,0,0,1,-5,5,1.31545
9.74,1,1,0,0,1,-5,5,1.31529
9.745,1,1,0,0,1,-5,5,1.31513
9.75,1,1,0,0,1,-5,5,1.31497
9.755,1,1,0,0,1,-5,5,1.31481
9.76,1,1,0,0,1,-5,5,1.31466
9.765,1,1,0,0,1,-5,5,1.3145
9.77,1,1,0,0,1,-5,5,1.31434
9.775,1,1,0,0,1,-5,5,1.31419
9.78,1,1,0,0,1,-5,5,1.31403
9.785,1,1,0,0,1,-5,5,1.31387
9.79,1,1,0,0,1,-5,5,1.31371
9.795,1,1,0,0,1,-5,5,1.31356
9.8,1,1,0,0,1,-5,5,1.3134
9.805,1,1,0,0,1,-5,5,1.31324
9.81,1,1,0,0,1,-5,5,1.31309
9.815,1,1,0,0,1,-5,5,1.31293
9.82,1,1,0,0,1,-5,5,1.31278
9.825,1,1,0,0,1,-5,5,1.31262
9.83,1,1,0,0,1,-5,5,1.31246
9.835,1,1,0,0,1,-5,5,1.31231
9.84,1,1,0,0,1,-5,5,1.31215
9.845,1,1,0,0,1,-5,5,1.31199
9.85,1,1,0,0,1,-5,5,1.31184
9.855,1,1,0,0,1,-5,5,1.31168
9.86,1,1,0,0,1,-5,5,1.31153
9.865,1,1,0,0,1,-5,5,1.31137
9.87,1,1,0,0,1,-5,5,1.31122
9.875,1,1,0,0,1,-5,5,1.31106
9.88,1,1,0,0,1,-5,5,1.3109
9.885,1,1,0,0,1,-5,5,1.31075
9.89,1,1,0,0,1,-5,5,1.31059
9.895,1,1,0,0,1,-5,5,1.31044
9.9,1,1,0,0,1,-5,5,1.31028
9.905,1,1,0,0,1,-5,5,1.31013
9.91,1,1,0,0,1,-5,5,1.30997
9.915,1,1,0,0,1,-5,5,1.30982
9.92,1,1,0,0,1,-5,5,1.30966
9.925,1,1,0,0,1,-5,5,1.30951
9.93,1,1,0,0,1,-5,5,1.30935
9.935,1,1,0,0,1,-5,5,1.3092
9.94,1,1,0,0,1,-5,5,1.30904
9.945,1,1,0,0,1,-5,5,1.30889
9.95,1,1,0,0,1,-5,5,1.30874
9.955,1,1,0,0,1,-5,5,1.30858
9.96,1,1,0,0,1,-5,5,1.30843
9.965,1,1,0,0,1,-5,5,1.30827
9.97,1,1,0,0,1,-5,5,1.30812
9.975,1,1,0,0,1,-5,5,1.30796
9.98,1,1,0,0,1,-5,5,1.30781
9.985,1,1,0,0,1,-5,5,1.30766
9.99,1,1,0,0,1,-5,5,1.3075
9.995,1,1,0,0,1,-5,5,1.30735
10,1,1,0,0,1,-5,5,1.3072
